2025-11-23T06:42:52.4621338Z Container start method called.
2025-11-23T06:42:52.5699283Z Establishing network.
2025-11-23T06:42:52.5701630Z Pulling image: appsvc/node:20-lts_20251016.4.tuxprod.
2025-11-23T06:42:53.3826556Z Container is starting.
2025-11-23T06:42:53.3828968Z Establishing user namespace if not established already.
2025-11-23T06:42:53.3830036Z Establishing network if not established already.
2025-11-23T06:42:53.3831345Z Mounting volumes.
2025-11-23T06:42:53.3929692Z Nested mountpoint 
2025-11-23T06:42:53.4716627Z Nested mountpoint volatile/logs
2025-11-23T06:42:53.5214398Z Nested mountpoint 
2025-11-23T06:42:53.6121138Z Nested mountpoint 
2025-11-23T06:42:53.6994349Z Nested mountpoint 
2025-11-23T06:42:54.3131310Z Creating container.
2025-11-23T06:42:54.3132948Z Creating pipes for streaming container io.
2025-11-23T06:42:54.3142601Z Creating stdout named pipe at /podr/container/pipe/e6c9f611e35d_projectconnect-backend/stdout_f1e9446d884e4965a5539f368e5f7b4a.
2025-11-23T06:42:54.3148378Z Successfully created stdout named pipe at: /podr/container/pipe/e6c9f611e35d_projectconnect-backend/stdout_f1e9446d884e4965a5539f368e5f7b4a.
2025-11-23T06:42:54.3149577Z Opening named pipe /podr/container/pipe/e6c9f611e35d_projectconnect-backend/stdout_f1e9446d884e4965a5539f368e5f7b4a for reading in non-blocking mode.
2025-11-23T06:42:54.3150885Z Successfully opened named pipe: /podr/container/pipe/e6c9f611e35d_projectconnect-backend/stdout_f1e9446d884e4965a5539f368e5f7b4a.
2025-11-23T06:42:54.3151929Z Successfully removed non-blocking flag from /podr/container/pipe/e6c9f611e35d_projectconnect-backend/stdout_f1e9446d884e4965a5539f368e5f7b4a.
2025-11-23T06:42:54.3155797Z Creating stderr named pipe at /podr/container/pipe/e6c9f611e35d_projectconnect-backend/stderr_8a5610db076345e28066edd23e8306fe.
2025-11-23T06:42:54.3248961Z Successfully created stderr named pipe at: /podr/container/pipe/e6c9f611e35d_projectconnect-backend/stderr_8a5610db076345e28066edd23e8306fe.
2025-11-23T06:42:54.3256075Z Opening named pipe /podr/container/pipe/e6c9f611e35d_projectconnect-backend/stderr_8a5610db076345e28066edd23e8306fe for reading in non-blocking mode.
2025-11-23T06:42:54.3262343Z Successfully opened named pipe: /podr/container/pipe/e6c9f611e35d_projectconnect-backend/stderr_8a5610db076345e28066edd23e8306fe.
2025-11-23T06:42:54.3343291Z Successfully removed non-blocking flag from /podr/container/pipe/e6c9f611e35d_projectconnect-backend/stderr_8a5610db076345e28066edd23e8306fe.
2025-11-23T06:42:54.3345455Z Creating container with image: appsvc/node:20-lts_20251016.4.tuxprod from registry: 10.1.0.4:13209 and fully qualified image name: 10.1.0.4:13209/appsvc/node:20-lts_20251016.4.tuxprod
2025-11-23T06:42:55.0788358Z Starting container: e6c9f611e35d_projectconnect-backend.
2025-11-23T06:42:55.2328945Z Starting watchers and probes.
2025-11-23T06:42:55.2638763Z Starting metrics collection.
2025-11-23T06:42:55.2735614Z Container is running.
2025-11-23T06:42:55.4833052Z Container start method finished after 3013 ms.
2025-11-23T06:43:26.5674330Z Container has finished running with exit code: 2.
2025-11-23T06:43:26.5744758Z Container is terminating. Grace period: 5 seconds.
2025-11-23T06:43:26.5747930Z Stop and delete container. Retry count = 0
2025-11-23T06:43:26.5754370Z Stopping container: e6c9f611e35d_projectconnect-backend.
2025-11-23T06:43:26.6860278Z Deleting container: e6c9f611e35d_projectconnect-backend. Retry count = 0
2025-11-23T06:43:26.9782561Z Container spec TerminationMessagePolicy  path 
2025-11-23T06:43:26.9864199Z Container is terminated. Total time elapsed: 410 ms.
2025-11-23T06:43:26.9935328Z Site container: projectconnect-backend terminated during site startup.
2025-11-23T06:43:27.0498740Z Site startup probe failed after 31.3763169 seconds.
2025-11-23T06:43:27.2913252Z Failed to start site. Revert by stopping site.
2025-11-23T06:43:27.3119099Z Site: projectconnect-backend stopped.
2025-11-23T06:43:34.338Z INFO  - 20-lts_20251016.4.tuxprod Pulling from appsvc/node
2025-11-23T06:43:34.504Z INFO  - c6b11972fd12 Pulling fs layer
2025-11-23T06:43:34.511Z INFO  - e2de071b945f Pulling fs layer
2025-11-23T06:43:34.512Z INFO  - ec95c0f17656 Pulling fs layer
2025-11-23T06:43:34.512Z INFO  - 466dbb61272e Pulling fs layer
2025-11-23T06:43:34.512Z INFO  - b90100a54c33 Pulling fs layer
2025-11-23T06:43:34.512Z INFO  - db667eb6a215 Pulling fs layer
2025-11-23T06:43:34.512Z INFO  - 1d68c959db08 Pulling fs layer
2025-11-23T06:43:34.512Z INFO  - 4162a85e6a99 Pulling fs layer
2025-11-23T06:43:34.512Z INFO  - 2035233ddd52 Pulling fs layer
2025-11-23T06:43:34.512Z INFO  - a9571099cab5 Pulling fs layer
2025-11-23T06:43:34.512Z INFO  - 662a633d5b17 Pulling fs layer
2025-11-23T06:43:34.512Z INFO  - 7904759a99e2 Pulling fs layer
2025-11-23T06:43:34.512Z INFO  - 26fd0ea5e193 Pulling fs layer
2025-11-23T06:43:34.512Z INFO  - f3d6acb78f3e Pulling fs layer
2025-11-23T06:43:34.513Z INFO  - 0c9422ccc7d4 Pulling fs layer
2025-11-23T06:43:34.513Z INFO  - bff0b1a6107c Pulling fs layer
2025-11-23T06:43:34.513Z INFO  - c10eb7f3ae42 Pulling fs layer
2025-11-23T06:43:34.513Z INFO  - 1b0937ba9692 Pulling fs layer
2025-11-23T06:43:34.513Z INFO  - 4f4fb700ef54 Pulling fs layer
2025-11-23T06:43:34.513Z INFO  - ee5e2a61e93f Pulling fs layer
2025-11-23T06:43:34.513Z INFO  - a299d250ab97 Pulling fs layer
2025-11-23T06:43:34.513Z INFO  - 2e5f19d50c40 Pulling fs layer
2025-11-23T06:43:34.513Z INFO  - 94d31f795579 Pulling fs layer
2025-11-23T06:43:34.513Z INFO  - 18c70f6ed5b8 Pulling fs layer
2025-11-23T06:43:34.513Z INFO  - fb49480510c1 Pulling fs layer
2025-11-23T06:43:34.513Z INFO  - 5cb83091061e Pulling fs layer
2025-11-23T06:43:34.513Z INFO  - 618cb520b534 Pulling fs layer
2025-11-23T06:43:34.513Z INFO  - b387b0839a3c Pulling fs layer
2025-11-23T06:43:34.513Z INFO  - befb3b667a4a Pulling fs layer
2025-11-23T06:43:34.513Z INFO  - c98fb0ee9c52 Pulling fs layer
2025-11-23T06:43:34.513Z INFO  - fed34a6cff95 Pulling fs layer
2025-11-23T06:43:34.513Z INFO  - 52ac776e496e Pulling fs layer
2025-11-23T06:43:34.513Z INFO  - ed277ae6cc1b Pulling fs layer
2025-11-23T06:43:34.513Z INFO  - f00d066ab48f Pulling fs layer
2025-11-23T06:43:34.513Z INFO  - 84db54845b1f Pulling fs layer
2025-11-23T06:43:34.513Z INFO  - 209af07e1fed Pulling fs layer
2025-11-23T06:43:34.513Z INFO  - f359ae97a578 Pulling fs layer
2025-11-23T06:43:34.513Z INFO  - 12ae792aadc1 Pulling fs layer
2025-11-23T06:43:34.513Z INFO  - 101f3a4877dc Pulling fs layer
2025-11-23T06:43:34.513Z INFO  - 49304a106933 Pulling fs layer
2025-11-23T06:43:34.513Z INFO  - c59bd29a4737 Pulling fs layer
2025-11-23T06:43:34.513Z INFO  - 6f0a6c0887e0 Pulling fs layer
2025-11-23T06:43:34.513Z INFO  - a299d250ab97 Waiting
2025-11-23T06:43:34.513Z INFO  - 2e5f19d50c40 Waiting
2025-11-23T06:43:34.513Z INFO  - 94d31f795579 Waiting
2025-11-23T06:43:34.513Z INFO  - 18c70f6ed5b8 Waiting
2025-11-23T06:43:34.513Z INFO  - fb49480510c1 Waiting
2025-11-23T06:43:34.513Z INFO  - 5cb83091061e Waiting
2025-11-23T06:43:34.513Z INFO  - 618cb520b534 Waiting
2025-11-23T06:43:34.513Z INFO  - b387b0839a3c Waiting
2025-11-23T06:43:34.513Z INFO  - befb3b667a4a Waiting
2025-11-23T06:43:34.513Z INFO  - c98fb0ee9c52 Waiting
2025-11-23T06:43:34.513Z INFO  - fed34a6cff95 Waiting
2025-11-23T06:43:34.513Z INFO  - 52ac776e496e Waiting
2025-11-23T06:43:34.523Z INFO  - ed277ae6cc1b Waiting
2025-11-23T06:43:34.523Z INFO  - f00d066ab48f Waiting
2025-11-23T06:43:34.523Z INFO  - 84db54845b1f Waiting
2025-11-23T06:43:34.523Z INFO  - 209af07e1fed Waiting
2025-11-23T06:43:34.523Z INFO  - f359ae97a578 Waiting
2025-11-23T06:43:34.523Z INFO  - 12ae792aadc1 Waiting
2025-11-23T06:43:34.523Z INFO  - 101f3a4877dc Waiting
2025-11-23T06:43:34.523Z INFO  - 49304a106933 Waiting
2025-11-23T06:43:34.523Z INFO  - c59bd29a4737 Waiting
2025-11-23T06:43:34.523Z INFO  - 6f0a6c0887e0 Waiting
2025-11-23T06:43:34.537Z INFO  - bff0b1a6107c Downloading 35KB / 1MB
2025-11-23T06:43:34.537Z INFO  - 7904759a99e2 Downloading 3KB / 12KB
2025-11-23T06:43:34.541Z INFO  - 4162a85e6a99 Downloading 35KB / 420KB
2025-11-23T06:43:34.543Z INFO  - c10eb7f3ae42 Downloading 35KB / 1MB
2025-11-23T06:43:34.580Z INFO  - 2035233ddd52 Downloading 187B / 187B
2025-11-23T06:43:34.580Z INFO  - 1d68c959db08 Downloading 2KB / 2KB
2025-11-23T06:43:34.592Z INFO  - 466dbb61272e Downloading 385B / 385B
2025-11-23T06:43:34.592Z INFO  - b90100a54c33 Downloading 131B / 131B
2025-11-23T06:43:34.592Z INFO  - 662a633d5b17 Downloading 39KB / 39KB
2025-11-23T06:43:34.600Z INFO  - 7904759a99e2 Downloading 12KB / 12KB
2025-11-23T06:43:34.600Z INFO  - 4162a85e6a99 Downloading 420KB / 420KB
2025-11-23T06:43:34.600Z INFO  - 0c9422ccc7d4 Downloading 10KB / 10KB
2025-11-23T06:43:34.613Z INFO  - 2035233ddd52 Verifying Checksum
2025-11-23T06:43:34.613Z INFO  - 2035233ddd52 Download complete
2025-11-23T06:43:34.613Z INFO  - 1d68c959db08 Verifying Checksum
2025-11-23T06:43:34.613Z INFO  - 1d68c959db08 Download complete
2025-11-23T06:43:34.614Z INFO  - 466dbb61272e Verifying Checksum
2025-11-23T06:43:34.614Z INFO  - 466dbb61272e Download complete
2025-11-23T06:43:34.614Z INFO  - b90100a54c33 Verifying Checksum
2025-11-23T06:43:34.619Z INFO  - b90100a54c33 Download complete
2025-11-23T06:43:34.621Z INFO  - db667eb6a215 Downloading 250KB / 250KB
2025-11-23T06:43:34.621Z INFO  - 662a633d5b17 Verifying Checksum
2025-11-23T06:43:34.621Z INFO  - 662a633d5b17 Download complete
2025-11-23T06:43:34.621Z INFO  - 7904759a99e2 Verifying Checksum
2025-11-23T06:43:34.622Z INFO  - 7904759a99e2 Download complete
2025-11-23T06:43:34.622Z INFO  - 4162a85e6a99 Verifying Checksum
2025-11-23T06:43:34.623Z INFO  - 4162a85e6a99 Download complete
2025-11-23T06:43:34.630Z INFO  - 0c9422ccc7d4 Verifying Checksum
2025-11-23T06:43:34.641Z INFO  - 0c9422ccc7d4 Download complete
2025-11-23T06:43:34.641Z INFO  - db667eb6a215 Verifying Checksum
2025-11-23T06:43:34.641Z INFO  - db667eb6a215 Download complete
2025-11-23T06:43:34.691Z INFO  - c10eb7f3ae42 Downloading 147KB / 1MB
2025-11-23T06:43:34.700Z INFO  - f3d6acb78f3e Downloading 181KB / 281KB
2025-11-23T06:43:34.723Z INFO  - a9571099cab5 Downloading 35KB / 1MB
2025-11-23T06:43:34.738Z INFO  - bff0b1a6107c Downloading 247KB / 1MB
2025-11-23T06:43:34.797Z INFO  - ec95c0f17656 Downloading 264KB / 3MB
2025-11-23T06:43:34.944Z INFO  - 1b0937ba9692 Downloading 3KB / 3KB
2025-11-23T06:43:34.944Z INFO  - bff0b1a6107c Downloading 279KB / 1MB
2025-11-23T06:43:34.945Z INFO  - 4f4fb700ef54 Retrying in 5 seconds
2025-11-23T06:43:34.945Z INFO  - 26fd0ea5e193 Verifying Checksum
2025-11-23T06:43:34.945Z INFO  - 26fd0ea5e193 Download complete
2025-11-23T06:43:34.946Z INFO  - f3d6acb78f3e Downloading 281KB / 281KB
2025-11-23T06:43:34.982Z INFO  - 1b0937ba9692 Verifying Checksum
2025-11-23T06:43:34.983Z INFO  - 1b0937ba9692 Download complete
2025-11-23T06:43:34.983Z INFO  - bff0b1a6107c Verifying Checksum
2025-11-23T06:43:34.984Z INFO  - bff0b1a6107c Download complete
2025-11-23T06:43:34.984Z INFO  - f3d6acb78f3e Verifying Checksum
2025-11-23T06:43:34.991Z INFO  - f3d6acb78f3e Download complete
2025-11-23T06:43:35.021Z INFO  - c10eb7f3ae42 Downloading 467KB / 1MB
2025-11-23T06:43:35.241Z INFO  - ec95c0f17656 Downloading 840KB / 3MB
2025-11-23T06:43:35.241Z INFO  - 5cb83091061e Downloading 947B / 947B
2025-11-23T06:43:35.267Z INFO  - 618cb520b534 Downloading 1KB / 1KB
2025-11-23T06:43:35.307Z INFO  - b387b0839a3c Downloading 138B / 138B
2025-11-23T06:43:35.307Z INFO  - 5cb83091061e Verifying Checksum
2025-11-23T06:43:35.307Z INFO  - 5cb83091061e Download complete
2025-11-23T06:43:35.307Z INFO  - 618cb520b534 Verifying Checksum
2025-11-23T06:43:35.307Z INFO  - 618cb520b534 Download complete
2025-11-23T06:43:35.307Z INFO  - b387b0839a3c Verifying Checksum
2025-11-23T06:43:35.307Z INFO  - b387b0839a3c Download complete
2025-11-23T06:43:35.407Z INFO  - a9571099cab5 Downloading 540KB / 1MB
2025-11-23T06:43:35.408Z INFO  - c10eb7f3ae42 Downloading 1MB / 1MB
2025-11-23T06:43:35.408Z INFO  - c10eb7f3ae42 Downloading 1MB / 1MB
2025-11-23T06:43:35.445Z INFO  - fb49480510c1 Downloading 277KB / 6MB
2025-11-23T06:43:35.748Z INFO  - ec95c0f17656 Downloading 1MB / 3MB
2025-11-23T06:43:35.756Z INFO  - 18c70f6ed5b8 Downloading 125B / 125B
2025-11-23T06:43:35.776Z INFO  - c10eb7f3ae42 Verifying Checksum
2025-11-23T06:43:35.776Z INFO  - c10eb7f3ae42 Download complete
2025-11-23T06:43:35.776Z INFO  - 18c70f6ed5b8 Verifying Checksum
2025-11-23T06:43:35.776Z INFO  - 18c70f6ed5b8 Download complete
2025-11-23T06:43:35.827Z INFO  - fb49480510c1 Downloading 533KB / 6MB
2025-11-23T06:43:35.827Z INFO  - c6b11972fd12 Downloading 983KB / 46MB
2025-11-23T06:43:35.845Z INFO  - 2e5f19d50c40 Downloading 771KB / 11MB
2025-11-23T06:43:35.845Z INFO  - e2de071b945f Downloading 2MB / 34MB
2025-11-23T06:43:35.914Z INFO  - ee5e2a61e93f Downloading 942KB / 44MB
2025-11-23T06:43:35.914Z INFO  - 94d31f795579 Downloading 373KB / 16MB
2025-11-23T06:43:35.914Z INFO  - 4f4fb700ef54 Retrying in 4 seconds
2025-11-23T06:43:35.914Z INFO  - fed34a6cff95 Downloading 1KB / 1KB
2025-11-23T06:43:35.914Z INFO  - c98fb0ee9c52 Downloading 1KB / 1KB
2025-11-23T06:43:35.915Z INFO  - 52ac776e496e Downloading 3KB / 3KB
2025-11-23T06:43:35.917Z INFO  - fed34a6cff95 Verifying Checksum
2025-11-23T06:43:35.917Z INFO  - fed34a6cff95 Download complete
2025-11-23T06:43:35.956Z INFO  - c98fb0ee9c52 Verifying Checksum
2025-11-23T06:43:35.956Z INFO  - c98fb0ee9c52 Download complete
2025-11-23T06:43:35.956Z INFO  - 52ac776e496e Verifying Checksum
2025-11-23T06:43:35.956Z INFO  - 52ac776e496e Download complete
2025-11-23T06:43:36.354Z INFO  - 2e5f19d50c40 Downloading 1MB / 11MB
2025-11-23T06:43:36.354Z INFO  - befb3b667a4a Downloading 533KB / 67MB
2025-11-23T06:43:36.354Z INFO  - a9571099cab5 Downloading 636KB / 1MB
2025-11-23T06:43:36.354Z INFO  - ec95c0f17656 Downloading 1MB / 3MB
2025-11-23T06:43:36.355Z INFO  - 209af07e1fed Downloading 270B / 270B
2025-11-23T06:43:36.356Z INFO  - ed277ae6cc1b Downloading 152B / 152B
2025-11-23T06:43:36.356Z INFO  - 84db54845b1f Downloading 1KB / 1KB
2025-11-23T06:43:36.356Z INFO  - 209af07e1fed Verifying Checksum
2025-11-23T06:43:36.356Z INFO  - 209af07e1fed Download complete
2025-11-23T06:43:36.356Z INFO  - ed277ae6cc1b Verifying Checksum
2025-11-23T06:43:36.356Z INFO  - ed277ae6cc1b Download complete
2025-11-23T06:43:36.356Z INFO  - 84db54845b1f Verifying Checksum
2025-11-23T06:43:36.356Z INFO  - 84db54845b1f Download complete
2025-11-23T06:43:37.327Z INFO  - 4f4fb700ef54 Retrying in 3 seconds
2025-11-23T06:43:37.339Z INFO  - fb49480510c1 Downloading 1MB / 6MB
2025-11-23T06:43:37.346Z INFO  - c6b11972fd12 Downloading 1MB / 46MB
2025-11-23T06:43:37.347Z INFO  - a299d250ab97 Downloading 984KB / 46MB
2025-11-23T06:43:37.349Z INFO  - a9571099cab5 Downloading 1MB / 1MB
2025-11-23T06:43:37.375Z INFO  - a9571099cab5 Downloading 1MB / 1MB
2025-11-23T06:43:38.011Z INFO  - a9571099cab5 Downloading 1MB / 1MB
2025-11-23T06:43:38.012Z INFO  - 2e5f19d50c40 Downloading 1MB / 11MB
2025-11-23T06:43:38.021Z INFO  - ec95c0f17656 Downloading 2MB / 3MB
2025-11-23T06:43:38.022Z INFO  - 94d31f795579 Downloading 757KB / 16MB
2025-11-23T06:43:38.023Z INFO  - befb3b667a4a Downloading 1MB / 67MB
2025-11-23T06:43:38.024Z INFO  - 12ae792aadc1 Downloading 124B / 124B
2025-11-23T06:43:38.050Z INFO  - a9571099cab5 Verifying Checksum
2025-11-23T06:43:38.051Z INFO  - a9571099cab5 Download complete
2025-11-23T06:43:38.052Z INFO  - 12ae792aadc1 Verifying Checksum
2025-11-23T06:43:38.053Z INFO  - 12ae792aadc1 Download complete
2025-11-23T06:43:38.070Z INFO  - 2e5f19d50c40 Downloading 1MB / 11MB
2025-11-23T06:43:38.071Z INFO  - ec95c0f17656 Downloading 3MB / 3MB
2025-11-23T06:43:38.072Z INFO  - f00d066ab48f Downloading 3KB / 13KB
2025-11-23T06:43:38.080Z INFO  - c6b11972fd12 Downloading 2MB / 46MB
2025-11-23T06:43:38.082Z INFO  - fb49480510c1 Downloading 1MB / 6MB
2025-11-23T06:43:38.131Z INFO  - f359ae97a578 Downloading 269B / 269B
2025-11-23T06:43:38.158Z INFO  - 49304a106933 Downloading 1KB / 1KB
2025-11-23T06:43:38.159Z INFO  - ec95c0f17656 Verifying Checksum
2025-11-23T06:43:38.161Z INFO  - ec95c0f17656 Download complete
2025-11-23T06:43:38.162Z INFO  - f00d066ab48f Downloading 13KB / 13KB
2025-11-23T06:43:38.188Z INFO  - 6f0a6c0887e0 Downloading 132B / 132B
2025-11-23T06:43:38.189Z INFO  - f359ae97a578 Verifying Checksum
2025-11-23T06:43:38.190Z INFO  - f359ae97a578 Download complete
2025-11-23T06:43:38.198Z INFO  - 49304a106933 Verifying Checksum
2025-11-23T06:43:38.198Z INFO  - 49304a106933 Download complete
2025-11-23T06:43:38.198Z INFO  - f00d066ab48f Verifying Checksum
2025-11-23T06:43:38.198Z INFO  - f00d066ab48f Download complete
2025-11-23T06:43:38.198Z INFO  - 6f0a6c0887e0 Verifying Checksum
2025-11-23T06:43:38.198Z INFO  - 6f0a6c0887e0 Download complete
2025-11-23T06:43:38.198Z INFO  - fb49480510c1 Downloading 1MB / 6MB
2025-11-23T06:43:38.198Z INFO  - ee5e2a61e93f Downloading 2MB / 44MB
2025-11-23T06:43:38.198Z INFO  - 94d31f795579 Downloading 2MB / 16MB
2025-11-23T06:43:38.198Z INFO  - c6b11972fd12 Downloading 3MB / 46MB
2025-11-23T06:43:38.198Z INFO  - 101f3a4877dc Downloading 418B / 418B
2025-11-23T06:43:38.198Z INFO  - 101f3a4877dc Verifying Checksum
2025-11-23T06:43:38.198Z INFO  - 101f3a4877dc Download complete
2025-11-23T06:43:38.199Z INFO  - c59bd29a4737 Downloading 124KB / 1MB
2025-11-23T06:43:38.199Z INFO  - 4f4fb700ef54 Retrying in 2 seconds
2025-11-23T06:43:38.199Z INFO  - 2e5f19d50c40 Downloading 2MB / 11MB
2025-11-23T06:43:38.319Z INFO  - a299d250ab97 Downloading 2MB / 46MB
2025-11-23T06:43:38.319Z INFO  - e2de071b945f Downloading 6MB / 34MB
2025-11-23T06:43:38.319Z INFO  - 94d31f795579 Downloading 4MB / 16MB
2025-11-23T06:43:38.319Z INFO  - fb49480510c1 Downloading 3MB / 6MB
2025-11-23T06:43:38.659Z INFO  - c59bd29a4737 Downloading 252KB / 1MB
2025-11-23T06:43:38.659Z INFO  - ee5e2a61e93f Downloading 4MB / 44MB
2025-11-23T06:43:38.708Z INFO  - a299d250ab97 Downloading 3MB / 46MB
2025-11-23T06:43:38.708Z INFO  - befb3b667a4a Downloading 4MB / 67MB
2025-11-23T06:43:38.708Z INFO  - c6b11972fd12 Downloading 4MB / 46MB
2025-11-23T06:43:38.708Z INFO  - fb49480510c1 Downloading 4MB / 6MB
2025-11-23T06:43:38.840Z INFO  - 4f4fb700ef54 Retrying in 1 second
2025-11-23T06:43:38.937Z INFO  - c59bd29a4737 Downloading 988KB / 1MB
2025-11-23T06:43:38.937Z INFO  - e2de071b945f Downloading 6MB / 34MB
2025-11-23T06:43:38.937Z INFO  - 2e5f19d50c40 Downloading 4MB / 11MB
2025-11-23T06:43:38.956Z INFO  - fb49480510c1 Downloading 4MB / 6MB
2025-11-23T06:43:38.956Z INFO  - c6b11972fd12 Downloading 5MB / 46MB
2025-11-23T06:43:39.106Z INFO  - c59bd29a4737 Downloading 1MB / 1MB
2025-11-23T06:43:39.115Z INFO  - c59bd29a4737 Downloading 1MB / 1MB
2025-11-23T06:43:39.115Z INFO  - c59bd29a4737 Downloading 1MB / 1MB
2025-11-23T06:43:39.291Z INFO  - e2de071b945f Downloading 7MB / 34MB
2025-11-23T06:43:39.291Z INFO  - fb49480510c1 Verifying Checksum
2025-11-23T06:43:39.291Z INFO  - fb49480510c1 Download complete
2025-11-23T06:43:39.291Z INFO  - c59bd29a4737 Verifying Checksum
2025-11-23T06:43:39.291Z INFO  - c59bd29a4737 Download complete
2025-11-23T06:43:39.537Z INFO  - ee5e2a61e93f Downloading 6MB / 44MB
2025-11-23T06:43:39.577Z INFO  - c6b11972fd12 Downloading 6MB / 46MB
2025-11-23T06:43:39.596Z INFO  - a299d250ab97 Downloading 5MB / 46MB
2025-11-23T06:43:39.596Z INFO  - befb3b667a4a Downloading 6MB / 67MB
2025-11-23T06:43:39.596Z INFO  - e2de071b945f Downloading 8MB / 34MB
2025-11-23T06:43:39.607Z INFO  - c6b11972fd12 Downloading 7MB / 46MB
2025-11-23T06:43:39.607Z INFO  - a299d250ab97 Downloading 6MB / 46MB
2025-11-23T06:43:39.607Z INFO  - ee5e2a61e93f Downloading 7MB / 44MB
2025-11-23T06:43:39.804Z INFO  - befb3b667a4a Downloading 8MB / 67MB
2025-11-23T06:43:39.846Z INFO  - 2e5f19d50c40 Downloading 7MB / 11MB
2025-11-23T06:43:39.846Z INFO  - c6b11972fd12 Downloading 8MB / 46MB
2025-11-23T06:43:39.846Z INFO  - e2de071b945f Downloading 9MB / 34MB
2025-11-23T06:43:39.987Z INFO  - 94d31f795579 Downloading 8MB / 16MB
2025-11-23T06:43:40.024Z INFO  - c6b11972fd12 Downloading 9MB / 46MB
2025-11-23T06:43:40.024Z INFO  - ee5e2a61e93f Downloading 8MB / 44MB
2025-11-23T06:43:40.126Z INFO  - a299d250ab97 Downloading 8MB / 46MB
2025-11-23T06:43:40.283Z INFO  - c6b11972fd12 Downloading 10MB / 46MB
2025-11-23T06:43:40.521Z INFO  - 94d31f795579 Downloading 11MB / 16MB
2025-11-23T06:43:40.522Z INFO  - befb3b667a4a Downloading 11MB / 67MB
2025-11-23T06:43:40.522Z INFO  - 4f4fb700ef54 Retrying in 10 seconds
2025-11-23T06:43:40.541Z INFO  - e2de071b945f Downloading 13MB / 34MB
2025-11-23T06:43:40.551Z INFO  - befb3b667a4a Downloading 12MB / 67MB
2025-11-23T06:43:40.620Z INFO  - e2de071b945f Downloading 14MB / 34MB
2025-11-23T06:43:40.797Z INFO  - c6b11972fd12 Downloading 14MB / 46MB
2025-11-23T06:43:40.798Z INFO  - befb3b667a4a Downloading 13MB / 67MB
2025-11-23T06:43:40.798Z INFO  - a299d250ab97 Downloading 13MB / 46MB
2025-11-23T06:43:40.798Z INFO  - 2e5f19d50c40 Verifying Checksum
2025-11-23T06:43:40.798Z INFO  - 2e5f19d50c40 Download complete
2025-11-23T06:43:40.896Z INFO  - ee5e2a61e93f Downloading 13MB / 44MB
2025-11-23T06:43:41.017Z INFO  - c6b11972fd12 Downloading 15MB / 46MB
2025-11-23T06:43:41.017Z INFO  - ee5e2a61e93f Downloading 14MB / 44MB
2025-11-23T06:43:41.017Z INFO  - befb3b667a4a Downloading 15MB / 67MB
2025-11-23T06:43:41.084Z INFO  - e2de071b945f Downloading 17MB / 34MB
2025-11-23T06:43:41.221Z INFO  - ee5e2a61e93f Downloading 16MB / 44MB
2025-11-23T06:43:41.222Z INFO  - 94d31f795579 Verifying Checksum
2025-11-23T06:43:41.222Z INFO  - 94d31f795579 Download complete
2025-11-23T06:43:41.302Z INFO  - a299d250ab97 Downloading 15MB / 46MB
2025-11-23T06:43:41.390Z INFO  - ee5e2a61e93f Downloading 17MB / 44MB
2025-11-23T06:43:41.437Z INFO  - 4f4fb700ef54 Retrying in 9 seconds
2025-11-23T06:43:41.468Z INFO  - befb3b667a4a Downloading 20MB / 67MB
2025-11-23T06:43:41.505Z INFO  - c6b11972fd12 Downloading 18MB / 46MB
2025-11-23T06:43:41.506Z INFO  - ee5e2a61e93f Downloading 19MB / 44MB
2025-11-23T06:43:41.586Z INFO  - c6b11972fd12 Downloading 19MB / 46MB
2025-11-23T06:43:41.807Z INFO  - befb3b667a4a Downloading 22MB / 67MB
2025-11-23T06:43:41.835Z INFO  - a299d250ab97 Downloading 20MB / 46MB
2025-11-23T06:43:41.914Z INFO  - ee5e2a61e93f Downloading 21MB / 44MB
2025-11-23T06:43:41.922Z INFO  - befb3b667a4a Downloading 23MB / 67MB
2025-11-23T06:43:41.933Z INFO  - c6b11972fd12 Downloading 21MB / 46MB
2025-11-23T06:43:42.012Z INFO  - befb3b667a4a Downloading 24MB / 67MB
2025-11-23T06:43:42.013Z INFO  - e2de071b945f Downloading 24MB / 34MB
2025-11-23T06:43:42.013Z INFO  - a299d250ab97 Downloading 21MB / 46MB
2025-11-23T06:43:42.023Z INFO  - ee5e2a61e93f Downloading 22MB / 44MB
2025-11-23T06:43:42.120Z INFO  - c6b11972fd12 Downloading 23MB / 46MB
2025-11-23T06:43:42.120Z INFO  - a299d250ab97 Downloading 22MB / 46MB
2025-11-23T06:43:42.181Z INFO  - c6b11972fd12 Downloading 25MB / 46MB
2025-11-23T06:43:42.229Z INFO  - befb3b667a4a Downloading 26MB / 67MB
2025-11-23T06:43:42.229Z INFO  - e2de071b945f Downloading 26MB / 34MB
2025-11-23T06:43:42.230Z INFO  - ee5e2a61e93f Downloading 23MB / 44MB
2025-11-23T06:43:42.319Z INFO  - befb3b667a4a Downloading 27MB / 67MB
2025-11-23T06:43:42.320Z INFO  - e2de071b945f Downloading 26MB / 34MB
2025-11-23T06:43:42.391Z INFO  - e2de071b945f Downloading 28MB / 34MB
2025-11-23T06:43:42.418Z INFO  - a299d250ab97 Downloading 25MB / 46MB
2025-11-23T06:43:42.418Z INFO  - befb3b667a4a Downloading 28MB / 67MB
2025-11-23T06:43:42.438Z INFO  - 4f4fb700ef54 Retrying in 8 seconds
2025-11-23T06:43:42.528Z INFO  - a299d250ab97 Downloading 26MB / 46MB
2025-11-23T06:43:42.664Z INFO  - e2de071b945f Downloading 29MB / 34MB
2025-11-23T06:43:42.664Z INFO  - c6b11972fd12 Downloading 28MB / 46MB
2025-11-23T06:43:42.675Z INFO  - e2de071b945f Downloading 30MB / 34MB
2025-11-23T06:43:42.716Z INFO  - c6b11972fd12 Downloading 29MB / 46MB
2025-11-23T06:43:42.913Z INFO  - befb3b667a4a Downloading 32MB / 67MB
2025-11-23T06:43:43.044Z INFO  - e2de071b945f Downloading 33MB / 34MB
2025-11-23T06:43:43.160Z INFO  - befb3b667a4a Downloading 33MB / 67MB
2025-11-23T06:43:43.162Z INFO  - e2de071b945f Verifying Checksum
2025-11-23T06:43:43.188Z INFO  - e2de071b945f Download complete
2025-11-23T06:43:43.252Z INFO  - c6b11972fd12 Downloading 31MB / 46MB
2025-11-23T06:43:43.252Z INFO  - ee5e2a61e93f Downloading 32MB / 44MB
2025-11-23T06:43:43.252Z INFO  - a299d250ab97 Downloading 30MB / 46MB
2025-11-23T06:43:43.348Z INFO  - befb3b667a4a Downloading 38MB / 67MB
2025-11-23T06:43:43.398Z INFO  - c6b11972fd12 Downloading 33MB / 46MB
2025-11-23T06:43:43.499Z INFO  - 4f4fb700ef54 Retrying in 7 seconds
2025-11-23T06:43:43.549Z INFO  - befb3b667a4a Downloading 39MB / 67MB
2025-11-23T06:43:43.549Z INFO  - ee5e2a61e93f Downloading 35MB / 44MB
2025-11-23T06:43:43.705Z INFO  - a299d250ab97 Downloading 34MB / 46MB
2025-11-23T06:43:43.705Z INFO  - ee5e2a61e93f Downloading 36MB / 44MB
2025-11-23T06:43:43.705Z INFO  - befb3b667a4a Downloading 40MB / 67MB
2025-11-23T06:43:43.816Z INFO  - befb3b667a4a Downloading 43MB / 67MB
2025-11-23T06:43:43.995Z INFO  - befb3b667a4a Downloading 44MB / 67MB
2025-11-23T06:43:44.066Z INFO  - a299d250ab97 Downloading 38MB / 46MB
2025-11-23T06:43:44.135Z INFO  - ee5e2a61e93f Downloading 43MB / 44MB
2025-11-23T06:43:44.144Z INFO  - befb3b667a4a Downloading 45MB / 67MB
2025-11-23T06:43:44.280Z INFO  - c6b11972fd12 Downloading 40MB / 46MB
2025-11-23T06:43:44.281Z INFO  - befb3b667a4a Downloading 47MB / 67MB
2025-11-23T06:43:44.300Z INFO  - ee5e2a61e93f Verifying Checksum
2025-11-23T06:43:44.321Z INFO  - ee5e2a61e93f Download complete
2025-11-23T06:43:44.368Z INFO  - c6b11972fd12 Downloading 42MB / 46MB
2025-11-23T06:43:44.424Z INFO  - a299d250ab97 Downloading 43MB / 46MB
2025-11-23T06:43:44.434Z INFO  - 4f4fb700ef54 Retrying in 6 seconds
2025-11-23T06:43:44.504Z INFO  - c6b11972fd12 Downloading 44MB / 46MB
2025-11-23T06:43:44.570Z INFO  - a299d250ab97 Verifying Checksum
2025-11-23T06:43:44.570Z INFO  - a299d250ab97 Download complete
2025-11-23T06:43:44.669Z INFO  - c6b11972fd12 Verifying Checksum
2025-11-23T06:43:44.670Z INFO  - c6b11972fd12 Download complete
2025-11-23T06:43:44.986Z INFO  - befb3b667a4a Downloading 59MB / 67MB
2025-11-23T06:43:45.109Z INFO  - befb3b667a4a Downloading 61MB / 67MB
2025-11-23T06:43:45.148Z INFO  - befb3b667a4a Downloading 64MB / 67MB
2025-11-23T06:43:45.275Z INFO  - befb3b667a4a Verifying Checksum
2025-11-23T06:43:45.275Z INFO  - befb3b667a4a Download complete
2025-11-23T06:43:45.433Z INFO  - 4f4fb700ef54 Retrying in 5 seconds
2025-11-23T06:43:46.438Z INFO  - 4f4fb700ef54 Retrying in 4 seconds
2025-11-23T06:43:46.964Z INFO  - c6b11972fd12 Extracting 9MB / 46MB
2025-11-23T06:43:47.144Z INFO  - c6b11972fd12 Extracting 10MB / 46MB
2025-11-23T06:43:47.434Z INFO  - 4f4fb700ef54 Retrying in 3 seconds
2025-11-23T06:43:48.372Z INFO  - c6b11972fd12 Extracting 15MB / 46MB
2025-11-23T06:43:48.440Z INFO  - 4f4fb700ef54 Retrying in 2 seconds
2025-11-23T06:43:49.286Z INFO  - c6b11972fd12 Extracting 22MB / 46MB
2025-11-23T06:43:49.434Z INFO  - 4f4fb700ef54 Retrying in 1 second
2025-11-23T06:43:50.073Z INFO  - c6b11972fd12 Extracting 23MB / 46MB
2025-11-23T06:43:50.440Z INFO  - c6b11972fd12 Extracting 25MB / 46MB
2025-11-23T06:43:50.735Z INFO  - c6b11972fd12 Extracting 29MB / 46MB
2025-11-23T06:43:50.763Z INFO  - 4f4fb700ef54 Retrying in 15 seconds
2025-11-23T06:43:51.746Z INFO  - 4f4fb700ef54 Retrying in 14 seconds
2025-11-23T06:43:52.766Z INFO  - c6b11972fd12 Extracting 34MB / 46MB
2025-11-23T06:43:52.767Z INFO  - 4f4fb700ef54 Retrying in 13 seconds
2025-11-23T06:43:52.949Z INFO  - c6b11972fd12 Extracting 35MB / 46MB
2025-11-23T06:43:53.341Z INFO  - c6b11972fd12 Extracting 37MB / 46MB
2025-11-23T06:43:53.752Z INFO  - 4f4fb700ef54 Retrying in 12 seconds
2025-11-23T06:43:53.752Z INFO  - c6b11972fd12 Extracting 38MB / 46MB
2025-11-23T06:43:53.983Z INFO  - c6b11972fd12 Extracting 39MB / 46MB
2025-11-23T06:43:54.475Z INFO  - c6b11972fd12 Extracting 40MB / 46MB
2025-11-23T06:43:54.476Z INFO  - c6b11972fd12 Extracting 41MB / 46MB
2025-11-23T06:43:54.628Z INFO  - c6b11972fd12 Extracting 42MB / 46MB
2025-11-23T06:43:54.747Z INFO  - 4f4fb700ef54 Retrying in 11 seconds
2025-11-23T06:43:55.000Z INFO  - c6b11972fd12 Extracting 44MB / 46MB
2025-11-23T06:43:55.763Z INFO  - 4f4fb700ef54 Retrying in 10 seconds
2025-11-23T06:43:55.925Z INFO  - c6b11972fd12 Extracting 45MB / 46MB
2025-11-23T06:43:56.328Z INFO  - c6b11972fd12 Extracting 46MB / 46MB
2025-11-23T06:43:56.407Z INFO  - c6b11972fd12 Pull complete
2025-11-23T06:43:56.749Z INFO  - 4f4fb700ef54 Retrying in 9 seconds
2025-11-23T06:43:56.749Z INFO  - e2de071b945f Extracting 1MB / 34MB
2025-11-23T06:43:57.204Z INFO  - e2de071b945f Extracting 2MB / 34MB
2025-11-23T06:43:57.425Z INFO  - e2de071b945f Extracting 4MB / 34MB
2025-11-23T06:43:57.674Z INFO  - e2de071b945f Extracting 6MB / 34MB
2025-11-23T06:43:57.745Z INFO  - e2de071b945f Extracting 8MB / 34MB
2025-11-23T06:43:57.746Z INFO  - 4f4fb700ef54 Retrying in 8 seconds
2025-11-23T06:43:57.827Z INFO  - e2de071b945f Extracting 8MB / 34MB
2025-11-23T06:43:57.935Z INFO  - e2de071b945f Extracting 10MB / 34MB
2025-11-23T06:43:58.411Z INFO  - e2de071b945f Extracting 15MB / 34MB
2025-11-23T06:43:58.541Z INFO  - e2de071b945f Extracting 16MB / 34MB
2025-11-23T06:43:58.670Z INFO  - e2de071b945f Extracting 17MB / 34MB
2025-11-23T06:43:58.746Z INFO  - 4f4fb700ef54 Retrying in 7 seconds
2025-11-23T06:43:59.310Z INFO  - e2de071b945f Extracting 18MB / 34MB
2025-11-23T06:43:59.751Z INFO  - 4f4fb700ef54 Retrying in 6 seconds
2025-11-23T06:44:00.132Z INFO  - e2de071b945f Extracting 23MB / 34MB
2025-11-23T06:44:00.443Z INFO  - e2de071b945f Extracting 26MB / 34MB
2025-11-23T06:44:00.485Z INFO  - e2de071b945f Extracting 27MB / 34MB
2025-11-23T06:44:00.687Z INFO  - e2de071b945f Extracting 28MB / 34MB
2025-11-23T06:44:00.769Z INFO  - 4f4fb700ef54 Retrying in 5 seconds
2025-11-23T06:44:01.692Z INFO  - e2de071b945f Extracting 34MB / 34MB
2025-11-23T06:44:01.751Z INFO  - 4f4fb700ef54 Retrying in 4 seconds
2025-11-23T06:44:01.763Z INFO  - e2de071b945f Pull complete
2025-11-23T06:44:02.255Z INFO  - ec95c0f17656 Extracting 2MB / 3MB
2025-11-23T06:44:02.767Z INFO  - 4f4fb700ef54 Retrying in 3 seconds
2025-11-23T06:44:02.898Z INFO  - ec95c0f17656 Extracting 3MB / 3MB
2025-11-23T06:44:03.009Z INFO  - ec95c0f17656 Pull complete
2025-11-23T06:44:03.040Z INFO  - 466dbb61272e Extracting 385B / 385B
2025-11-23T06:44:03.182Z INFO  - 466dbb61272e Extracting 385B / 385B
2025-11-23T06:44:03.211Z INFO  - 466dbb61272e Pull complete
2025-11-23T06:44:03.232Z INFO  - b90100a54c33 Extracting 131B / 131B
2025-11-23T06:44:03.332Z INFO  - b90100a54c33 Extracting 131B / 131B
2025-11-23T06:44:03.392Z INFO  - b90100a54c33 Pull complete
2025-11-23T06:44:03.412Z INFO  - db667eb6a215 Extracting 32KB / 250KB
2025-11-23T06:44:03.541Z INFO  - db667eb6a215 Extracting 250KB / 250KB
2025-11-23T06:44:03.582Z INFO  - db667eb6a215 Pull complete
2025-11-23T06:44:03.593Z INFO  - 1d68c959db08 Extracting 2KB / 2KB
2025-11-23T06:44:03.624Z INFO  - 1d68c959db08 Extracting 2KB / 2KB
2025-11-23T06:44:03.704Z INFO  - 1d68c959db08 Pull complete
2025-11-23T06:44:03.763Z INFO  - 4f4fb700ef54 Retrying in 2 seconds
2025-11-23T06:44:04.397Z INFO  - 4162a85e6a99 Extracting 416KB / 420KB
2025-11-23T06:44:04.488Z INFO  - 4162a85e6a99 Extracting 420KB / 420KB
2025-11-23T06:44:04.559Z INFO  - 4162a85e6a99 Extracting 420KB / 420KB
2025-11-23T06:44:04.618Z INFO  - 4162a85e6a99 Pull complete
2025-11-23T06:44:04.637Z INFO  - 2035233ddd52 Extracting 187B / 187B
2025-11-23T06:44:04.719Z INFO  - 2035233ddd52 Extracting 187B / 187B
2025-11-23T06:44:04.769Z INFO  - 4f4fb700ef54 Retrying in 1 second
2025-11-23T06:44:04.808Z INFO  - 2035233ddd52 Pull complete
2025-11-23T06:44:04.819Z INFO  - a9571099cab5 Extracting 32KB / 1MB
2025-11-23T06:44:05.109Z INFO  - a9571099cab5 Extracting 1MB / 1MB
2025-11-23T06:44:05.181Z INFO  - a9571099cab5 Pull complete
2025-11-23T06:44:05.222Z INFO  - 662a633d5b17 Extracting 32KB / 39KB
2025-11-23T06:44:05.423Z INFO  - 662a633d5b17 Extracting 39KB / 39KB
2025-11-23T06:44:05.493Z INFO  - 662a633d5b17 Pull complete
2025-11-23T06:44:05.533Z INFO  - 7904759a99e2 Extracting 12KB / 12KB
2025-11-23T06:44:05.614Z INFO  - 7904759a99e2 Extracting 12KB / 12KB
2025-11-23T06:44:05.665Z INFO  - 7904759a99e2 Pull complete
2025-11-23T06:44:05.704Z INFO  - 26fd0ea5e193 Extracting 14KB / 14KB
2025-11-23T06:44:05.813Z INFO  - 26fd0ea5e193 Extracting 14KB / 14KB
2025-11-23T06:44:05.836Z INFO  - 4f4fb700ef54 Retrying in 20 seconds
2025-11-23T06:44:05.975Z INFO  - 26fd0ea5e193 Pull complete
2025-11-23T06:44:06.136Z INFO  - f3d6acb78f3e Extracting 192KB / 281KB
2025-11-23T06:44:06.367Z INFO  - f3d6acb78f3e Extracting 281KB / 281KB
2025-11-23T06:44:06.607Z INFO  - f3d6acb78f3e Pull complete
2025-11-23T06:44:06.607Z INFO  - 0c9422ccc7d4 Extracting 10KB / 10KB
2025-11-23T06:44:06.781Z INFO  - 0c9422ccc7d4 Extracting 10KB / 10KB
2025-11-23T06:44:06.850Z INFO  - 4f4fb700ef54 Retrying in 19 seconds
2025-11-23T06:44:07.020Z INFO  - 0c9422ccc7d4 Pull complete
2025-11-23T06:44:07.072Z INFO  - bff0b1a6107c Extracting 32KB / 1MB
2025-11-23T06:44:07.412Z INFO  - bff0b1a6107c Extracting 224KB / 1MB
2025-11-23T06:44:07.422Z INFO  - bff0b1a6107c Extracting 864KB / 1MB
2025-11-23T06:44:07.432Z INFO  - bff0b1a6107c Extracting 1MB / 1MB
2025-11-23T06:44:07.584Z INFO  - bff0b1a6107c Pull complete
2025-11-23T06:44:07.593Z INFO  - c10eb7f3ae42 Extracting 32KB / 1MB
2025-11-23T06:44:07.796Z INFO  - c10eb7f3ae42 Extracting 544KB / 1MB
2025-11-23T06:44:07.835Z INFO  - 4f4fb700ef54 Retrying in 18 seconds
2025-11-23T06:44:07.946Z INFO  - c10eb7f3ae42 Extracting 1MB / 1MB
2025-11-23T06:44:07.985Z INFO  - c10eb7f3ae42 Pull complete
2025-11-23T06:44:07.988Z INFO  - 1b0937ba9692 Extracting 3KB / 3KB
2025-11-23T06:44:08.057Z INFO  - 1b0937ba9692 Extracting 3KB / 3KB
2025-11-23T06:44:08.076Z INFO  - 1b0937ba9692 Pull complete
2025-11-23T06:44:08.835Z INFO  - 4f4fb700ef54 Retrying in 17 seconds
2025-11-23T06:44:09.839Z INFO  - 4f4fb700ef54 Retrying in 16 seconds
2025-11-23T06:44:10.836Z INFO  - 4f4fb700ef54 Retrying in 15 seconds
2025-11-23T06:44:11.835Z INFO  - 4f4fb700ef54 Retrying in 14 seconds
2025-11-23T06:44:12.835Z INFO  - 4f4fb700ef54 Retrying in 13 seconds
2025-11-23T06:44:13.836Z INFO  - 4f4fb700ef54 Retrying in 12 seconds
2025-11-23T06:44:14.836Z INFO  - 4f4fb700ef54 Retrying in 11 seconds
2025-11-23T06:44:15.841Z INFO  - 4f4fb700ef54 Retrying in 10 seconds
2025-11-23T06:44:16.838Z INFO  - 4f4fb700ef54 Retrying in 9 seconds
2025-11-23T06:44:17.839Z INFO  - 4f4fb700ef54 Retrying in 8 seconds
2025-11-23T06:44:18.836Z INFO  - 4f4fb700ef54 Retrying in 7 seconds
2025-11-23T06:44:19.840Z INFO  - 4f4fb700ef54 Retrying in 6 seconds
2025-11-23T06:44:20.836Z INFO  - 4f4fb700ef54 Retrying in 5 seconds
2025-11-23T06:44:21.835Z INFO  - 4f4fb700ef54 Retrying in 4 seconds
2025-11-23T06:44:22.836Z INFO  - 4f4fb700ef54 Retrying in 3 seconds
2025-11-23T06:44:23.837Z INFO  - 4f4fb700ef54 Retrying in 2 seconds
2025-11-23T06:44:24.837Z INFO  - 4f4fb700ef54 Retrying in 1 second
2025-11-23T06:44:25.851Z INFO  - 4f4fb700ef54 Downloading 32B / 32B
2025-11-23T06:44:26.294Z INFO  -  
2025-11-23T06:44:26.316Z ERROR - unexpected EOFErr: 0, Message: unexpected EOF
2025-11-23T06:44:26.378Z INFO  - Pull Image failed, Time taken: 52 Seconds
2025-11-23T06:44:27.007Z INFO  - 20-lts_20251016.4.tuxprod Pulling from appsvc/node
2025-11-23T06:44:27.117Z INFO  - c6b11972fd12 Pulling fs layer
2025-11-23T06:44:27.120Z INFO  - e2de071b945f Pulling fs layer
2025-11-23T06:44:27.121Z INFO  - ec95c0f17656 Pulling fs layer
2025-11-23T06:44:27.121Z INFO  - 466dbb61272e Pulling fs layer
2025-11-23T06:44:27.121Z INFO  - b90100a54c33 Pulling fs layer
2025-11-23T06:44:27.152Z INFO  - db667eb6a215 Pulling fs layer
2025-11-23T06:44:27.152Z INFO  - 1d68c959db08 Pulling fs layer
2025-11-23T06:44:27.152Z INFO  - 4162a85e6a99 Pulling fs layer
2025-11-23T06:44:27.152Z INFO  - 2035233ddd52 Pulling fs layer
2025-11-23T06:44:27.152Z INFO  - a9571099cab5 Pulling fs layer
2025-11-23T06:44:27.152Z INFO  - 662a633d5b17 Pulling fs layer
2025-11-23T06:44:27.152Z INFO  - 7904759a99e2 Pulling fs layer
2025-11-23T06:44:27.152Z INFO  - 26fd0ea5e193 Pulling fs layer
2025-11-23T06:44:27.152Z INFO  - f3d6acb78f3e Pulling fs layer
2025-11-23T06:44:27.152Z INFO  - 0c9422ccc7d4 Pulling fs layer
2025-11-23T06:44:27.152Z INFO  - bff0b1a6107c Pulling fs layer
2025-11-23T06:44:27.152Z INFO  - c10eb7f3ae42 Pulling fs layer
2025-11-23T06:44:27.152Z INFO  - 1b0937ba9692 Pulling fs layer
2025-11-23T06:44:27.152Z INFO  - 4f4fb700ef54 Pulling fs layer
2025-11-23T06:44:27.152Z INFO  - ee5e2a61e93f Pulling fs layer
2025-11-23T06:44:27.152Z INFO  - a299d250ab97 Pulling fs layer
2025-11-23T06:44:27.152Z INFO  - 2e5f19d50c40 Pulling fs layer
2025-11-23T06:44:27.152Z INFO  - 94d31f795579 Pulling fs layer
2025-11-23T06:44:27.152Z INFO  - 18c70f6ed5b8 Pulling fs layer
2025-11-23T06:44:27.152Z INFO  - fb49480510c1 Pulling fs layer
2025-11-23T06:44:27.152Z INFO  - 5cb83091061e Pulling fs layer
2025-11-23T06:44:27.152Z INFO  - 618cb520b534 Pulling fs layer
2025-11-23T06:44:27.152Z INFO  - b387b0839a3c Pulling fs layer
2025-11-23T06:44:27.153Z INFO  - befb3b667a4a Pulling fs layer
2025-11-23T06:44:27.153Z INFO  - c98fb0ee9c52 Pulling fs layer
2025-11-23T06:44:27.153Z INFO  - fed34a6cff95 Pulling fs layer
2025-11-23T06:44:27.153Z INFO  - 52ac776e496e Pulling fs layer
2025-11-23T06:44:27.153Z INFO  - ed277ae6cc1b Pulling fs layer
2025-11-23T06:44:27.153Z INFO  - f00d066ab48f Pulling fs layer
2025-11-23T06:44:27.153Z INFO  - 84db54845b1f Pulling fs layer
2025-11-23T06:44:27.153Z INFO  - 209af07e1fed Pulling fs layer
2025-11-23T06:44:27.153Z INFO  - f359ae97a578 Pulling fs layer
2025-11-23T06:44:27.153Z INFO  - 12ae792aadc1 Pulling fs layer
2025-11-23T06:44:27.153Z INFO  - 101f3a4877dc Pulling fs layer
2025-11-23T06:44:27.153Z INFO  - 49304a106933 Pulling fs layer
2025-11-23T06:44:27.153Z INFO  - c59bd29a4737 Pulling fs layer
2025-11-23T06:44:27.153Z INFO  - 6f0a6c0887e0 Pulling fs layer
2025-11-23T06:44:27.153Z INFO  - a299d250ab97 Waiting
2025-11-23T06:44:27.153Z INFO  - 2e5f19d50c40 Waiting
2025-11-23T06:44:27.153Z INFO  - 94d31f795579 Waiting
2025-11-23T06:44:27.153Z INFO  - 18c70f6ed5b8 Waiting
2025-11-23T06:44:27.153Z INFO  - fb49480510c1 Waiting
2025-11-23T06:44:27.153Z INFO  - 5cb83091061e Waiting
2025-11-23T06:44:27.153Z INFO  - 618cb520b534 Waiting
2025-11-23T06:44:27.153Z INFO  - b387b0839a3c Waiting
2025-11-23T06:44:27.153Z INFO  - befb3b667a4a Waiting
2025-11-23T06:44:27.153Z INFO  - c98fb0ee9c52 Waiting
2025-11-23T06:44:27.153Z INFO  - fed34a6cff95 Waiting
2025-11-23T06:44:27.153Z INFO  - 52ac776e496e Waiting
2025-11-23T06:44:27.153Z INFO  - ed277ae6cc1b Waiting
2025-11-23T06:44:27.153Z INFO  - f00d066ab48f Waiting
2025-11-23T06:44:27.161Z INFO  - 84db54845b1f Waiting
2025-11-23T06:44:27.161Z INFO  - 209af07e1fed Waiting
2025-11-23T06:44:27.161Z INFO  - f359ae97a578 Waiting
2025-11-23T06:44:27.161Z INFO  - 12ae792aadc1 Waiting
2025-11-23T06:44:27.161Z INFO  - 101f3a4877dc Waiting
2025-11-23T06:44:27.161Z INFO  - 49304a106933 Waiting
2025-11-23T06:44:27.161Z INFO  - c59bd29a4737 Waiting
2025-11-23T06:44:27.161Z INFO  - 6f0a6c0887e0 Waiting
2025-11-23T06:44:27.172Z INFO  - 7904759a99e2 Downloading 3KB / 12KB
2025-11-23T06:44:27.173Z INFO  - 7904759a99e2 Downloading 12KB / 12KB
2025-11-23T06:44:27.174Z INFO  - 662a633d5b17 Downloading 39KB / 39KB
2025-11-23T06:44:27.174Z INFO  - 7904759a99e2 Verifying Checksum
2025-11-23T06:44:27.174Z INFO  - 7904759a99e2 Download complete
2025-11-23T06:44:27.174Z INFO  - 662a633d5b17 Verifying Checksum
2025-11-23T06:44:27.174Z INFO  - 662a633d5b17 Download complete
2025-11-23T06:44:27.202Z INFO  - 4162a85e6a99 Downloading 35KB / 420KB
2025-11-23T06:44:27.203Z INFO  - a9571099cab5 Downloading 35KB / 1MB
2025-11-23T06:44:27.211Z INFO  - 466dbb61272e Downloading 385B / 385B
2025-11-23T06:44:27.212Z INFO  - 1d68c959db08 Downloading 2KB / 2KB
2025-11-23T06:44:27.213Z INFO  - b90100a54c33 Downloading 131B / 131B
2025-11-23T06:44:27.214Z INFO  - 2035233ddd52 Downloading 187B / 187B
2025-11-23T06:44:27.233Z INFO  - 26fd0ea5e193 Downloading 14KB / 14KB
2025-11-23T06:44:27.241Z INFO  - c10eb7f3ae42 Downloading 35KB / 1MB
2025-11-23T06:44:27.242Z INFO  - 466dbb61272e Verifying Checksum
2025-11-23T06:44:27.243Z INFO  - 466dbb61272e Download complete
2025-11-23T06:44:27.243Z INFO  - 1d68c959db08 Verifying Checksum
2025-11-23T06:44:27.243Z INFO  - 1d68c959db08 Download complete
2025-11-23T06:44:27.244Z INFO  - b90100a54c33 Verifying Checksum
2025-11-23T06:44:27.251Z INFO  - b90100a54c33 Download complete
2025-11-23T06:44:27.252Z INFO  - 2035233ddd52 Verifying Checksum
2025-11-23T06:44:27.253Z INFO  - 2035233ddd52 Download complete
2025-11-23T06:44:27.253Z INFO  - 26fd0ea5e193 Verifying Checksum
2025-11-23T06:44:27.253Z INFO  - 26fd0ea5e193 Download complete
2025-11-23T06:44:27.303Z INFO  - a9571099cab5 Downloading 784KB / 1MB
2025-11-23T06:44:27.312Z INFO  - db667eb6a215 Downloading 187KB / 250KB
2025-11-23T06:44:27.384Z INFO  - bff0b1a6107c Downloading 35KB / 1MB
2025-11-23T06:44:27.402Z INFO  - e2de071b945f Downloading 708KB / 34MB
2025-11-23T06:44:27.453Z INFO  - a9571099cab5 Downloading 816KB / 1MB
2025-11-23T06:44:27.504Z INFO  - f3d6acb78f3e Downloading 35KB / 281KB
2025-11-23T06:44:27.504Z INFO  - 4f4fb700ef54 Downloading 32B / 32B
2025-11-23T06:44:27.613Z INFO  - 1b0937ba9692 Downloading 3KB / 3KB
2025-11-23T06:44:27.614Z INFO  - a9571099cab5 Downloading 1MB / 1MB
2025-11-23T06:44:27.615Z INFO  - ec95c0f17656 Downloading 821KB / 3MB
2025-11-23T06:44:27.615Z INFO  - 0c9422ccc7d4 Downloading 10KB / 10KB
2025-11-23T06:44:27.615Z INFO  - db667eb6a215 Downloading 250KB / 250KB
2025-11-23T06:44:27.615Z INFO  - a9571099cab5 Downloading 1MB / 1MB
2025-11-23T06:44:27.616Z INFO  - 4f4fb700ef54 Verifying Checksum
2025-11-23T06:44:27.616Z INFO  - 4f4fb700ef54 Download complete
2025-11-23T06:44:27.653Z INFO  - 1b0937ba9692 Verifying Checksum
2025-11-23T06:44:27.653Z INFO  - 1b0937ba9692 Download complete
2025-11-23T06:44:27.653Z INFO  - 0c9422ccc7d4 Verifying Checksum
2025-11-23T06:44:27.654Z INFO  - 0c9422ccc7d4 Download complete
2025-11-23T06:44:27.654Z INFO  - 4162a85e6a99 Verifying Checksum
2025-11-23T06:44:27.654Z INFO  - 4162a85e6a99 Download complete
2025-11-23T06:44:27.654Z INFO  - db667eb6a215 Verifying Checksum
2025-11-23T06:44:27.654Z INFO  - db667eb6a215 Download complete
2025-11-23T06:44:27.654Z INFO  - a9571099cab5 Verifying Checksum
2025-11-23T06:44:27.654Z INFO  - a9571099cab5 Download complete
2025-11-23T06:44:27.654Z INFO  - f3d6acb78f3e Downloading 146KB / 281KB
2025-11-23T06:44:27.654Z INFO  - ec95c0f17656 Downloading 1MB / 3MB
2025-11-23T06:44:27.654Z INFO  - bff0b1a6107c Downloading 279KB / 1MB
2025-11-23T06:44:27.656Z INFO  - 5cb83091061e Downloading 947B / 947B
2025-11-23T06:44:27.805Z INFO  - 618cb520b534 Downloading 1KB / 1KB
2025-11-23T06:44:27.805Z INFO  - 18c70f6ed5b8 Downloading 125B / 125B
2025-11-23T06:44:27.806Z INFO  - f3d6acb78f3e Downloading 281KB / 281KB
2025-11-23T06:44:27.814Z INFO  - 5cb83091061e Verifying Checksum
2025-11-23T06:44:27.814Z INFO  - 5cb83091061e Download complete
2025-11-23T06:44:27.814Z INFO  - 618cb520b534 Verifying Checksum
2025-11-23T06:44:27.815Z INFO  - 618cb520b534 Download complete
2025-11-23T06:44:27.815Z INFO  - 18c70f6ed5b8 Verifying Checksum
2025-11-23T06:44:27.815Z INFO  - 18c70f6ed5b8 Download complete
2025-11-23T06:44:27.816Z INFO  - f3d6acb78f3e Verifying Checksum
2025-11-23T06:44:27.816Z INFO  - f3d6acb78f3e Download complete
2025-11-23T06:44:27.817Z INFO  - e2de071b945f Downloading 2MB / 34MB
2025-11-23T06:44:27.846Z INFO  - 2e5f19d50c40 Downloading 269KB / 11MB
2025-11-23T06:44:27.945Z INFO  - ee5e2a61e93f Downloading 945KB / 44MB
2025-11-23T06:44:27.945Z INFO  - c6b11972fd12 Downloading 983KB / 46MB
2025-11-23T06:44:27.946Z INFO  - 94d31f795579 Downloading 360KB / 16MB
2025-11-23T06:44:28.025Z INFO  - ec95c0f17656 Downloading 1MB / 3MB
2025-11-23T06:44:28.026Z INFO  - ed277ae6cc1b Downloading 152B / 152B
2025-11-23T06:44:28.027Z INFO  - ed277ae6cc1b Verifying Checksum
2025-11-23T06:44:28.028Z INFO  - ed277ae6cc1b Download complete
2025-11-23T06:44:28.045Z INFO  - bff0b1a6107c Downloading 439KB / 1MB
2025-11-23T06:44:28.048Z INFO  - c10eb7f3ae42 Downloading 1MB / 1MB
2025-11-23T06:44:28.337Z INFO  - bff0b1a6107c Downloading 471KB / 1MB
2025-11-23T06:44:28.338Z INFO  - c10eb7f3ae42 Downloading 1MB / 1MB
2025-11-23T06:44:28.379Z INFO  - ec95c0f17656 Downloading 2MB / 3MB
2025-11-23T06:44:28.417Z INFO  - fb49480510c1 Downloading 2MB / 6MB
2025-11-23T06:44:28.417Z INFO  - b387b0839a3c Downloading 138B / 138B
2025-11-23T06:44:28.418Z INFO  - c98fb0ee9c52 Downloading 1KB / 1KB
2025-11-23T06:44:28.418Z INFO  - f359ae97a578 Downloading 269B / 269B
2025-11-23T06:44:28.478Z INFO  - 52ac776e496e Downloading 3KB / 3KB
2025-11-23T06:44:28.478Z INFO  - fed34a6cff95 Downloading 1KB / 1KB
2025-11-23T06:44:28.479Z INFO  - c10eb7f3ae42 Verifying Checksum
2025-11-23T06:44:28.480Z INFO  - c10eb7f3ae42 Download complete
2025-11-23T06:44:28.480Z INFO  - b387b0839a3c Verifying Checksum
2025-11-23T06:44:28.480Z INFO  - b387b0839a3c Download complete
2025-11-23T06:44:28.480Z INFO  - c98fb0ee9c52 Verifying Checksum
2025-11-23T06:44:28.497Z INFO  - c98fb0ee9c52 Download complete
2025-11-23T06:44:28.497Z INFO  - f359ae97a578 Verifying Checksum
2025-11-23T06:44:28.497Z INFO  - f359ae97a578 Download complete
2025-11-23T06:44:28.497Z INFO  - 52ac776e496e Verifying Checksum
2025-11-23T06:44:28.497Z INFO  - 52ac776e496e Download complete
2025-11-23T06:44:28.497Z INFO  - fed34a6cff95 Verifying Checksum
2025-11-23T06:44:28.497Z INFO  - fed34a6cff95 Download complete
2025-11-23T06:44:28.570Z INFO  - e2de071b945f Downloading 4MB / 34MB
2025-11-23T06:44:28.880Z INFO  - f00d066ab48f Downloading 3KB / 13KB
2025-11-23T06:44:28.880Z INFO  - a299d250ab97 Downloading 977KB / 46MB
2025-11-23T06:44:28.881Z INFO  - bff0b1a6107c Downloading 1MB / 1MB
2025-11-23T06:44:28.881Z INFO  - ec95c0f17656 Downloading 3MB / 3MB
2025-11-23T06:44:28.881Z INFO  - 209af07e1fed Downloading 270B / 270B
2025-11-23T06:44:28.882Z INFO  - 84db54845b1f Downloading 1KB / 1KB
2025-11-23T06:44:28.882Z INFO  - 12ae792aadc1 Downloading 124B / 124B
2025-11-23T06:44:28.882Z INFO  - f00d066ab48f Downloading 13KB / 13KB
2025-11-23T06:44:28.882Z INFO  - bff0b1a6107c Verifying Checksum
2025-11-23T06:44:28.882Z INFO  - bff0b1a6107c Download complete
2025-11-23T06:44:28.882Z INFO  - ec95c0f17656 Verifying Checksum
2025-11-23T06:44:28.882Z INFO  - ec95c0f17656 Download complete
2025-11-23T06:44:28.882Z INFO  - 209af07e1fed Verifying Checksum
2025-11-23T06:44:28.882Z INFO  - 209af07e1fed Download complete
2025-11-23T06:44:28.882Z INFO  - 84db54845b1f Verifying Checksum
2025-11-23T06:44:28.882Z INFO  - 84db54845b1f Download complete
2025-11-23T06:44:28.882Z INFO  - 12ae792aadc1 Verifying Checksum
2025-11-23T06:44:28.882Z INFO  - 12ae792aadc1 Download complete
2025-11-23T06:44:28.882Z INFO  - f00d066ab48f Verifying Checksum
2025-11-23T06:44:28.882Z INFO  - f00d066ab48f Download complete
2025-11-23T06:44:28.890Z INFO  - c6b11972fd12 Downloading 2MB / 46MB
2025-11-23T06:44:28.910Z INFO  - 6f0a6c0887e0 Downloading 132B / 132B
2025-11-23T06:44:28.910Z INFO  - 6f0a6c0887e0 Verifying Checksum
2025-11-23T06:44:28.910Z INFO  - 6f0a6c0887e0 Download complete
2025-11-23T06:44:29.022Z INFO  - e2de071b945f Downloading 4MB / 34MB
2025-11-23T06:44:29.022Z INFO  - 94d31f795579 Downloading 2MB / 16MB
2025-11-23T06:44:29.040Z INFO  - a299d250ab97 Downloading 2MB / 46MB
2025-11-23T06:44:29.040Z INFO  - befb3b667a4a Downloading 536KB / 67MB
2025-11-23T06:44:29.040Z INFO  - 49304a106933 Downloading 1KB / 1KB
2025-11-23T06:44:29.040Z INFO  - 101f3a4877dc Downloading 418B / 418B
2025-11-23T06:44:29.040Z INFO  - 49304a106933 Verifying Checksum
2025-11-23T06:44:29.040Z INFO  - 49304a106933 Download complete
2025-11-23T06:44:29.040Z INFO  - 101f3a4877dc Verifying Checksum
2025-11-23T06:44:29.040Z INFO  - 101f3a4877dc Download complete
2025-11-23T06:44:29.183Z INFO  - 2e5f19d50c40 Downloading 3MB / 11MB
2025-11-23T06:44:29.234Z INFO  - ee5e2a61e93f Downloading 2MB / 44MB
2025-11-23T06:44:29.294Z INFO  - e2de071b945f Downloading 5MB / 34MB
2025-11-23T06:44:29.564Z INFO  - fb49480510c1 Downloading 4MB / 6MB
2025-11-23T06:44:29.564Z INFO  - e2de071b945f Downloading 6MB / 34MB
2025-11-23T06:44:29.564Z INFO  - c6b11972fd12 Downloading 3MB / 46MB
2025-11-23T06:44:29.684Z INFO  - 94d31f795579 Downloading 4MB / 16MB
2025-11-23T06:44:29.684Z INFO  - befb3b667a4a Downloading 1MB / 67MB
2025-11-23T06:44:29.866Z INFO  - e2de071b945f Downloading 6MB / 34MB
2025-11-23T06:44:29.874Z INFO  - 94d31f795579 Downloading 5MB / 16MB
2025-11-23T06:44:29.874Z INFO  - a299d250ab97 Downloading 4MB / 46MB
2025-11-23T06:44:30.137Z INFO  - c59bd29a4737 Downloading 1MB / 1MB
2025-11-23T06:44:30.137Z INFO  - e2de071b945f Downloading 7MB / 34MB
2025-11-23T06:44:30.156Z INFO  - c6b11972fd12 Downloading 4MB / 46MB
2025-11-23T06:44:30.216Z INFO  - fb49480510c1 Downloading 6MB / 6MB
2025-11-23T06:44:30.216Z INFO  - 94d31f795579 Downloading 6MB / 16MB
2025-11-23T06:44:30.216Z INFO  - fb49480510c1 Verifying Checksum
2025-11-23T06:44:30.216Z INFO  - fb49480510c1 Download complete
2025-11-23T06:44:30.216Z INFO  - c59bd29a4737 Verifying Checksum
2025-11-23T06:44:30.216Z INFO  - c59bd29a4737 Download complete
2025-11-23T06:44:30.529Z INFO  - c6b11972fd12 Downloading 5MB / 46MB
2025-11-23T06:44:30.629Z INFO  - a299d250ab97 Downloading 6MB / 46MB
2025-11-23T06:44:30.629Z INFO  - ee5e2a61e93f Downloading 5MB / 44MB
2025-11-23T06:44:30.629Z INFO  - 2e5f19d50c40 Downloading 5MB / 11MB
2025-11-23T06:44:30.629Z INFO  - 94d31f795579 Downloading 7MB / 16MB
2025-11-23T06:44:30.629Z INFO  - e2de071b945f Downloading 8MB / 34MB
2025-11-23T06:44:30.830Z INFO  - ee5e2a61e93f Downloading 6MB / 44MB
2025-11-23T06:44:30.830Z INFO  - 2e5f19d50c40 Downloading 6MB / 11MB
2025-11-23T06:44:30.830Z INFO  - 94d31f795579 Downloading 8MB / 16MB
2025-11-23T06:44:30.971Z INFO  - c6b11972fd12 Downloading 6MB / 46MB
2025-11-23T06:44:30.971Z INFO  - a299d250ab97 Downloading 8MB / 46MB
2025-11-23T06:44:30.972Z INFO  - 2e5f19d50c40 Downloading 7MB / 11MB
2025-11-23T06:44:30.972Z INFO  - befb3b667a4a Downloading 5MB / 67MB
2025-11-23T06:44:30.972Z INFO  - e2de071b945f Downloading 10MB / 34MB
2025-11-23T06:44:31.124Z INFO  - 94d31f795579 Downloading 10MB / 16MB
2025-11-23T06:44:31.143Z INFO  - ee5e2a61e93f Downloading 7MB / 44MB
2025-11-23T06:44:31.153Z INFO  - 2e5f19d50c40 Downloading 8MB / 11MB
2025-11-23T06:44:31.181Z INFO  - e2de071b945f Downloading 11MB / 34MB
2025-11-23T06:44:31.284Z INFO  - ee5e2a61e93f Downloading 8MB / 44MB
2025-11-23T06:44:31.284Z INFO  - 2e5f19d50c40 Downloading 9MB / 11MB
2025-11-23T06:44:31.284Z INFO  - befb3b667a4a Downloading 6MB / 67MB
2025-11-23T06:44:31.484Z INFO  - a299d250ab97 Downloading 9MB / 46MB
2025-11-23T06:44:31.666Z INFO  - e2de071b945f Downloading 13MB / 34MB
2025-11-23T06:44:31.666Z INFO  - 2e5f19d50c40 Verifying Checksum
2025-11-23T06:44:31.666Z INFO  - 2e5f19d50c40 Download complete
2025-11-23T06:44:31.666Z INFO  - c6b11972fd12 Downloading 10MB / 46MB
2025-11-23T06:44:31.817Z INFO  - 94d31f795579 Downloading 11MB / 16MB
2025-11-23T06:44:31.817Z INFO  - a299d250ab97 Downloading 11MB / 46MB
2025-11-23T06:44:31.817Z INFO  - befb3b667a4a Downloading 8MB / 67MB
2025-11-23T06:44:31.817Z INFO  - e2de071b945f Downloading 14MB / 34MB
2025-11-23T06:44:31.817Z INFO  - ee5e2a61e93f Downloading 10MB / 44MB
2025-11-23T06:44:31.927Z INFO  - befb3b667a4a Downloading 9MB / 67MB
2025-11-23T06:44:31.928Z INFO  - e2de071b945f Downloading 15MB / 34MB
2025-11-23T06:44:32.018Z INFO  - a299d250ab97 Downloading 13MB / 46MB
2025-11-23T06:44:32.028Z INFO  - e2de071b945f Downloading 16MB / 34MB
2025-11-23T06:44:32.129Z INFO  - befb3b667a4a Downloading 11MB / 67MB
2025-11-23T06:44:32.541Z INFO  - a299d250ab97 Downloading 15MB / 46MB
2025-11-23T06:44:32.559Z INFO  - e2de071b945f Downloading 18MB / 34MB
2025-11-23T06:44:32.559Z INFO  - ee5e2a61e93f Downloading 12MB / 44MB
2025-11-23T06:44:32.690Z INFO  - befb3b667a4a Downloading 12MB / 67MB
2025-11-23T06:44:32.690Z INFO  - befb3b667a4a Downloading 12MB / 67MB
2025-11-23T06:44:32.690Z INFO  - e2de071b945f Downloading 19MB / 34MB
2025-11-23T06:44:32.690Z INFO  - c6b11972fd12 Downloading 15MB / 46MB
2025-11-23T06:44:32.780Z INFO  - 94d31f795579 Downloading 15MB / 16MB
2025-11-23T06:44:32.781Z INFO  - c6b11972fd12 Downloading 15MB / 46MB
2025-11-23T06:44:32.790Z INFO  - befb3b667a4a Downloading 13MB / 67MB
2025-11-23T06:44:32.871Z INFO  - 94d31f795579 Downloading 15MB / 16MB
2025-11-23T06:44:32.920Z INFO  - a299d250ab97 Downloading 16MB / 46MB
2025-11-23T06:44:32.951Z INFO  - 94d31f795579 Verifying Checksum
2025-11-23T06:44:32.960Z INFO  - 94d31f795579 Download complete
2025-11-23T06:44:33.102Z INFO  - befb3b667a4a Downloading 15MB / 67MB
2025-11-23T06:44:33.103Z INFO  - a299d250ab97 Downloading 17MB / 46MB
2025-11-23T06:44:33.104Z INFO  - ee5e2a61e93f Downloading 14MB / 44MB
2025-11-23T06:44:33.223Z INFO  - ee5e2a61e93f Downloading 15MB / 44MB
2025-11-23T06:44:33.325Z INFO  - c6b11972fd12 Downloading 16MB / 46MB
2025-11-23T06:44:33.404Z INFO  - e2de071b945f Downloading 22MB / 34MB
2025-11-23T06:44:33.544Z INFO  - a299d250ab97 Downloading 20MB / 46MB
2025-11-23T06:44:33.544Z INFO  - befb3b667a4a Downloading 16MB / 67MB
2025-11-23T06:44:33.554Z INFO  - c6b11972fd12 Downloading 17MB / 46MB
2025-11-23T06:44:33.887Z INFO  - ee5e2a61e93f Downloading 16MB / 44MB
2025-11-23T06:44:33.887Z INFO  - e2de071b945f Downloading 23MB / 34MB
2025-11-23T06:44:34.037Z INFO  - ee5e2a61e93f Downloading 17MB / 44MB
2025-11-23T06:44:34.187Z INFO  - a299d250ab97 Downloading 22MB / 46MB
2025-11-23T06:44:34.187Z INFO  - befb3b667a4a Downloading 17MB / 67MB
2025-11-23T06:44:34.249Z INFO  - a299d250ab97 Downloading 23MB / 46MB
2025-11-23T06:44:34.327Z INFO  - e2de071b945f Downloading 24MB / 34MB
2025-11-23T06:44:34.470Z INFO  - ee5e2a61e93f Downloading 19MB / 44MB
2025-11-23T06:44:34.721Z INFO  - a299d250ab97 Downloading 24MB / 46MB
2025-11-23T06:44:34.721Z INFO  - e2de071b945f Downloading 27MB / 34MB
2025-11-23T06:44:34.941Z INFO  - c6b11972fd12 Downloading 22MB / 46MB
2025-11-23T06:44:34.941Z INFO  - befb3b667a4a Downloading 20MB / 67MB
2025-11-23T06:44:34.962Z INFO  - ee5e2a61e93f Downloading 20MB / 44MB
2025-11-23T06:44:34.962Z INFO  - c6b11972fd12 Downloading 23MB / 46MB
2025-11-23T06:44:34.983Z INFO  - a299d250ab97 Downloading 26MB / 46MB
2025-11-23T06:44:35.013Z INFO  - befb3b667a4a Downloading 21MB / 67MB
2025-11-23T06:44:35.233Z INFO  - c6b11972fd12 Downloading 24MB / 46MB
2025-11-23T06:44:35.233Z INFO  - ee5e2a61e93f Downloading 21MB / 44MB
2025-11-23T06:44:35.596Z INFO  - c6b11972fd12 Downloading 25MB / 46MB
2025-11-23T06:44:35.596Z INFO  - befb3b667a4a Downloading 23MB / 67MB
2025-11-23T06:44:35.596Z INFO  - ee5e2a61e93f Downloading 22MB / 44MB
2025-11-23T06:44:35.604Z INFO  - befb3b667a4a Downloading 24MB / 67MB
2025-11-23T06:44:35.676Z INFO  - c6b11972fd12 Downloading 26MB / 46MB
2025-11-23T06:44:35.855Z INFO  - ee5e2a61e93f Downloading 25MB / 44MB
2025-11-23T06:44:35.886Z INFO  - e2de071b945f Downloading 31MB / 34MB
2025-11-23T06:44:36.047Z INFO  - c6b11972fd12 Downloading 28MB / 46MB
2025-11-23T06:44:36.257Z INFO  - c6b11972fd12 Downloading 30MB / 46MB
2025-11-23T06:44:36.257Z INFO  - a299d250ab97 Downloading 33MB / 46MB
2025-11-23T06:44:36.257Z INFO  - ee5e2a61e93f Downloading 27MB / 44MB
2025-11-23T06:44:36.338Z INFO  - e2de071b945f Downloading 32MB / 34MB
2025-11-23T06:44:36.339Z INFO  - ee5e2a61e93f Downloading 28MB / 44MB
2025-11-23T06:44:36.579Z INFO  - e2de071b945f Downloading 33MB / 34MB
2025-11-23T06:44:36.741Z INFO  - c6b11972fd12 Downloading 31MB / 46MB
2025-11-23T06:44:36.762Z INFO  - a299d250ab97 Downloading 36MB / 46MB
2025-11-23T06:44:36.952Z INFO  - ee5e2a61e93f Downloading 29MB / 44MB
2025-11-23T06:44:37.044Z INFO  - a299d250ab97 Downloading 37MB / 46MB
2025-11-23T06:44:37.152Z INFO  - befb3b667a4a Downloading 29MB / 67MB
2025-11-23T06:44:37.245Z INFO  - a299d250ab97 Downloading 38MB / 46MB
2025-11-23T06:44:37.325Z INFO  - c6b11972fd12 Downloading 34MB / 46MB
2025-11-23T06:44:37.343Z INFO  - e2de071b945f Verifying Checksum
2025-11-23T06:44:37.343Z INFO  - e2de071b945f Download complete
2025-11-23T06:44:37.416Z INFO  - c6b11972fd12 Downloading 35MB / 46MB
2025-11-23T06:44:37.544Z INFO  - a299d250ab97 Downloading 39MB / 46MB
2025-11-23T06:44:37.555Z INFO  - ee5e2a61e93f Downloading 33MB / 44MB
2025-11-23T06:44:37.656Z INFO  - c6b11972fd12 Downloading 36MB / 46MB
2025-11-23T06:44:37.664Z INFO  - ee5e2a61e93f Downloading 34MB / 44MB
2025-11-23T06:44:37.726Z INFO  - befb3b667a4a Downloading 33MB / 67MB
2025-11-23T06:44:37.727Z INFO  - c6b11972fd12 Downloading 37MB / 46MB
2025-11-23T06:44:37.816Z INFO  - a299d250ab97 Downloading 40MB / 46MB
2025-11-23T06:44:37.827Z INFO  - ee5e2a61e93f Downloading 35MB / 44MB
2025-11-23T06:44:37.857Z INFO  - c6b11972fd12 Downloading 37MB / 46MB
2025-11-23T06:44:37.996Z INFO  - c6b11972fd12 Downloading 38MB / 46MB
2025-11-23T06:44:37.996Z INFO  - ee5e2a61e93f Downloading 36MB / 44MB
2025-11-23T06:44:38.116Z INFO  - befb3b667a4a Downloading 36MB / 67MB
2025-11-23T06:44:38.116Z INFO  - ee5e2a61e93f Downloading 37MB / 44MB
2025-11-23T06:44:38.116Z INFO  - c6b11972fd12 Downloading 39MB / 46MB
2025-11-23T06:44:38.297Z INFO  - c6b11972fd12 Downloading 41MB / 46MB
2025-11-23T06:44:38.360Z INFO  - befb3b667a4a Downloading 40MB / 67MB
2025-11-23T06:44:38.360Z INFO  - a299d250ab97 Verifying Checksum
2025-11-23T06:44:38.360Z INFO  - a299d250ab97 Download complete
2025-11-23T06:44:38.410Z INFO  - ee5e2a61e93f Downloading 40MB / 44MB
2025-11-23T06:44:38.438Z INFO  - c6b11972fd12 Downloading 44MB / 46MB
2025-11-23T06:44:38.440Z INFO  - befb3b667a4a Downloading 41MB / 67MB
2025-11-23T06:44:38.491Z INFO  - c6b11972fd12 Verifying Checksum
2025-11-23T06:44:38.491Z INFO  - c6b11972fd12 Download complete
2025-11-23T06:44:38.512Z INFO  - ee5e2a61e93f Verifying Checksum
2025-11-23T06:44:38.512Z INFO  - ee5e2a61e93f Download complete
2025-11-23T06:44:38.580Z INFO  - befb3b667a4a Downloading 44MB / 67MB
2025-11-23T06:44:39.525Z INFO  - c6b11972fd12 Extracting 960KB / 46MB
2025-11-23T06:44:40.439Z INFO  - befb3b667a4a Verifying Checksum
2025-11-23T06:44:40.440Z INFO  - befb3b667a4a Download complete
2025-11-23T06:44:41.102Z INFO  - c6b11972fd12 Extracting 8MB / 46MB
2025-11-23T06:44:41.507Z INFO  - c6b11972fd12 Extracting 10MB / 46MB
2025-11-23T06:44:43.417Z INFO  - c6b11972fd12 Extracting 22MB / 46MB
2025-11-23T06:44:44.168Z INFO  - c6b11972fd12 Extracting 24MB / 46MB
2025-11-23T06:44:44.179Z INFO  - c6b11972fd12 Extracting 25MB / 46MB
2025-11-23T06:44:44.882Z INFO  - c6b11972fd12 Extracting 30MB / 46MB
2025-11-23T06:44:44.930Z INFO  - c6b11972fd12 Extracting 32MB / 46MB
2025-11-23T06:44:46.008Z INFO  - c6b11972fd12 Extracting 37MB / 46MB
2025-11-23T06:44:46.754Z INFO  - c6b11972fd12 Extracting 39MB / 46MB
2025-11-23T06:44:47.074Z INFO  - c6b11972fd12 Extracting 41MB / 46MB
2025-11-23T06:44:47.104Z INFO  - c6b11972fd12 Extracting 42MB / 46MB
2025-11-23T06:44:47.758Z INFO  - c6b11972fd12 Extracting 44MB / 46MB
2025-11-23T06:44:48.461Z INFO  - c6b11972fd12 Extracting 45MB / 46MB
2025-11-23T06:44:49.168Z INFO  - c6b11972fd12 Extracting 46MB / 46MB
2025-11-23T06:44:49.168Z INFO  - c6b11972fd12 Pull complete
2025-11-23T06:44:49.247Z INFO  - e2de071b945f Extracting 1MB / 34MB
2025-11-23T06:44:49.781Z INFO  - e2de071b945f Extracting 4MB / 34MB
2025-11-23T06:44:50.303Z INFO  - e2de071b945f Extracting 6MB / 34MB
2025-11-23T06:44:50.333Z INFO  - e2de071b945f Extracting 8MB / 34MB
2025-11-23T06:44:50.442Z INFO  - e2de071b945f Extracting 11MB / 34MB
2025-11-23T06:44:50.584Z INFO  - e2de071b945f Extracting 13MB / 34MB
2025-11-23T06:44:50.925Z INFO  - e2de071b945f Extracting 15MB / 34MB
2025-11-23T06:44:51.116Z INFO  - e2de071b945f Extracting 16MB / 34MB
2025-11-23T06:44:51.523Z INFO  - e2de071b945f Extracting 17MB / 34MB
2025-11-23T06:44:51.645Z INFO  - e2de071b945f Extracting 18MB / 34MB
2025-11-23T06:44:52.314Z INFO  - e2de071b945f Extracting 22MB / 34MB
2025-11-23T06:44:52.783Z INFO  - e2de071b945f Extracting 26MB / 34MB
2025-11-23T06:44:52.822Z INFO  - e2de071b945f Extracting 29MB / 34MB
2025-11-23T06:44:53.678Z INFO  - e2de071b945f Extracting 34MB / 34MB
2025-11-23T06:44:53.776Z INFO  - e2de071b945f Pull complete
2025-11-23T06:44:54.164Z INFO  - ec95c0f17656 Extracting 896KB / 3MB
2025-11-23T06:44:54.378Z INFO  - ec95c0f17656 Extracting 2MB / 3MB
2025-11-23T06:44:54.418Z INFO  - ec95c0f17656 Extracting 3MB / 3MB
2025-11-23T06:44:54.480Z INFO  - ec95c0f17656 Pull complete
2025-11-23T06:44:54.487Z INFO  - 466dbb61272e Extracting 385B / 385B
2025-11-23T06:44:54.537Z INFO  - 466dbb61272e Extracting 385B / 385B
2025-11-23T06:44:54.650Z INFO  - 466dbb61272e Pull complete
2025-11-23T06:44:54.658Z INFO  - b90100a54c33 Extracting 131B / 131B
2025-11-23T06:44:54.707Z INFO  - b90100a54c33 Extracting 131B / 131B
2025-11-23T06:44:54.817Z INFO  - b90100a54c33 Pull complete
2025-11-23T06:44:54.824Z INFO  - db667eb6a215 Extracting 32KB / 250KB
2025-11-23T06:44:54.986Z INFO  - db667eb6a215 Extracting 250KB / 250KB
2025-11-23T06:44:54.986Z INFO  - db667eb6a215 Extracting 250KB / 250KB
2025-11-23T06:44:55.070Z INFO  - db667eb6a215 Pull complete
2025-11-23T06:44:55.075Z INFO  - 1d68c959db08 Extracting 2KB / 2KB
2025-11-23T06:44:55.125Z INFO  - 1d68c959db08 Extracting 2KB / 2KB
2025-11-23T06:44:55.290Z INFO  - 1d68c959db08 Pull complete
2025-11-23T06:44:55.634Z INFO  - 4162a85e6a99 Extracting 420KB / 420KB
2025-11-23T06:44:55.653Z INFO  - 4162a85e6a99 Extracting 420KB / 420KB
2025-11-23T06:44:55.724Z INFO  - 4162a85e6a99 Pull complete
2025-11-23T06:44:55.743Z INFO  - 2035233ddd52 Extracting 187B / 187B
2025-11-23T06:44:55.793Z INFO  - 2035233ddd52 Extracting 187B / 187B
2025-11-23T06:44:55.857Z INFO  - 2035233ddd52 Pull complete
2025-11-23T06:44:55.861Z INFO  - a9571099cab5 Extracting 32KB / 1MB
2025-11-23T06:44:56.161Z INFO  - a9571099cab5 Extracting 1MB / 1MB
2025-11-23T06:44:56.207Z INFO  - a9571099cab5 Pull complete
2025-11-23T06:44:56.210Z INFO  - 662a633d5b17 Extracting 32KB / 39KB
2025-11-23T06:44:56.277Z INFO  - 662a633d5b17 Extracting 39KB / 39KB
2025-11-23T06:44:56.316Z INFO  - 662a633d5b17 Pull complete
2025-11-23T06:44:56.328Z INFO  - 7904759a99e2 Extracting 12KB / 12KB
2025-11-23T06:44:56.356Z INFO  - 7904759a99e2 Extracting 12KB / 12KB
2025-11-23T06:44:56.395Z INFO  - 7904759a99e2 Pull complete
2025-11-23T06:44:56.398Z INFO  - 26fd0ea5e193 Extracting 14KB / 14KB
2025-11-23T06:44:56.446Z INFO  - 26fd0ea5e193 Extracting 14KB / 14KB
2025-11-23T06:44:56.467Z INFO  - 26fd0ea5e193 Pull complete
2025-11-23T06:44:56.587Z INFO  - f3d6acb78f3e Extracting 281KB / 281KB
2025-11-23T06:44:56.600Z INFO  - f3d6acb78f3e Pull complete
2025-11-23T06:44:56.603Z INFO  - 0c9422ccc7d4 Extracting 10KB / 10KB
2025-11-23T06:44:56.617Z INFO  - 0c9422ccc7d4 Extracting 10KB / 10KB
2025-11-23T06:44:56.728Z INFO  - 0c9422ccc7d4 Pull complete
2025-11-23T06:44:56.739Z INFO  - bff0b1a6107c Extracting 32KB / 1MB
2025-11-23T06:44:56.858Z INFO  - bff0b1a6107c Extracting 1MB / 1MB
2025-11-23T06:44:56.889Z INFO  - bff0b1a6107c Pull complete
2025-11-23T06:44:56.892Z INFO  - c10eb7f3ae42 Extracting 32KB / 1MB
2025-11-23T06:44:57.001Z INFO  - c10eb7f3ae42 Extracting 352KB / 1MB
2025-11-23T06:44:57.101Z INFO  - c10eb7f3ae42 Extracting 1MB / 1MB
2025-11-23T06:44:57.179Z INFO  - c10eb7f3ae42 Extracting 1MB / 1MB
2025-11-23T06:44:57.211Z INFO  - c10eb7f3ae42 Pull complete
2025-11-23T06:44:57.221Z INFO  - 1b0937ba9692 Extracting 3KB / 3KB
2025-11-23T06:44:57.251Z INFO  - 1b0937ba9692 Extracting 3KB / 3KB
2025-11-23T06:44:57.265Z INFO  - 1b0937ba9692 Pull complete
2025-11-23T06:44:57.272Z INFO  - 4f4fb700ef54 Extracting 32B / 32B
2025-11-23T06:44:57.281Z INFO  - 4f4fb700ef54 Extracting 32B / 32B
2025-11-23T06:44:57.313Z INFO  - 4f4fb700ef54 Pull complete
2025-11-23T06:44:57.594Z INFO  - ee5e2a61e93f Extracting 4MB / 44MB
2025-11-23T06:44:58.168Z INFO  - ee5e2a61e93f Extracting 11MB / 44MB
2025-11-23T06:44:58.348Z INFO  - ee5e2a61e93f Extracting 21MB / 44MB
2025-11-23T06:44:58.591Z INFO  - ee5e2a61e93f Extracting 30MB / 44MB
2025-11-23T06:44:58.752Z INFO  - ee5e2a61e93f Extracting 32MB / 44MB
2025-11-23T06:44:58.993Z INFO  - ee5e2a61e93f Extracting 37MB / 44MB
2025-11-23T06:44:59.508Z INFO  - ee5e2a61e93f Extracting 44MB / 44MB
2025-11-23T06:44:59.638Z INFO  - ee5e2a61e93f Pull complete
2025-11-23T06:45:01.196Z INFO  - a299d250ab97 Extracting 8MB / 46MB
2025-11-23T06:45:01.660Z INFO  - a299d250ab97 Extracting 13MB / 46MB
2025-11-23T06:45:01.828Z INFO  - a299d250ab97 Extracting 14MB / 46MB
2025-11-23T06:45:02.609Z INFO  - a299d250ab97 Extracting 15MB / 46MB
2025-11-23T06:45:02.814Z INFO  - a299d250ab97 Extracting 16MB / 46MB
2025-11-23T06:45:03.331Z INFO  - a299d250ab97 Extracting 17MB / 46MB
2025-11-23T06:45:04.367Z INFO  - a299d250ab97 Extracting 22MB / 46MB
2025-11-23T06:45:05.744Z INFO  - a299d250ab97 Extracting 32MB / 46MB
2025-11-23T06:45:05.886Z INFO  - a299d250ab97 Extracting 34MB / 46MB
2025-11-23T06:45:05.958Z INFO  - a299d250ab97 Extracting 35MB / 46MB
2025-11-23T06:45:06.679Z INFO  - a299d250ab97 Extracting 36MB / 46MB
2025-11-23T06:45:07.695Z INFO  - a299d250ab97 Extracting 38MB / 46MB
2025-11-23T06:45:08.452Z INFO  - a299d250ab97 Extracting 39MB / 46MB
2025-11-23T06:45:08.652Z INFO  - a299d250ab97 Extracting 40MB / 46MB
2025-11-23T06:45:09.398Z INFO  - a299d250ab97 Extracting 41MB / 46MB
2025-11-23T06:45:09.890Z INFO  - a299d250ab97 Extracting 42MB / 46MB
2025-11-23T06:45:10.343Z INFO  - a299d250ab97 Extracting 43MB / 46MB
2025-11-23T06:45:11.045Z INFO  - a299d250ab97 Extracting 44MB / 46MB
2025-11-23T06:45:12.272Z INFO  - a299d250ab97 Extracting 46MB / 46MB
2025-11-23T06:45:12.392Z INFO  - a299d250ab97 Pull complete
2025-11-23T06:45:13.391Z INFO  - 2e5f19d50c40 Extracting 2MB / 11MB
2025-11-23T06:45:13.602Z INFO  - 2e5f19d50c40 Extracting 4MB / 11MB
2025-11-23T06:45:13.844Z INFO  - 2e5f19d50c40 Extracting 5MB / 11MB
2025-11-23T06:45:14.035Z INFO  - 2e5f19d50c40 Extracting 8MB / 11MB
2025-11-23T06:45:14.465Z INFO  - 2e5f19d50c40 Extracting 9MB / 11MB
2025-11-23T06:45:15.602Z INFO  - 2e5f19d50c40 Extracting 10MB / 11MB
2025-11-23T06:45:15.603Z INFO  - 2e5f19d50c40 Extracting 10MB / 11MB
2025-11-23T06:45:16.328Z INFO  - 2e5f19d50c40 Extracting 11MB / 11MB
2025-11-23T06:45:16.520Z INFO  - 2e5f19d50c40 Pull complete
2025-11-23T06:45:16.750Z INFO  - 94d31f795579 Extracting 1MB / 16MB
2025-11-23T06:45:16.881Z INFO  - 94d31f795579 Extracting 2MB / 16MB
2025-11-23T06:45:17.212Z INFO  - 94d31f795579 Extracting 3MB / 16MB
2025-11-23T06:45:17.303Z INFO  - 94d31f795579 Extracting 3MB / 16MB
2025-11-23T06:45:17.404Z INFO  - 94d31f795579 Extracting 4MB / 16MB
2025-11-23T06:45:17.504Z INFO  - 94d31f795579 Extracting 5MB / 16MB
2025-11-23T06:45:17.784Z INFO  - 94d31f795579 Extracting 6MB / 16MB
2025-11-23T06:45:17.887Z INFO  - 94d31f795579 Extracting 7MB / 16MB
2025-11-23T06:45:18.832Z INFO  - 94d31f795579 Extracting 8MB / 16MB
2025-11-23T06:45:19.385Z INFO  - 94d31f795579 Extracting 9MB / 16MB
2025-11-23T06:45:19.586Z INFO  - 94d31f795579 Extracting 9MB / 16MB
2025-11-23T06:45:20.392Z INFO  - 94d31f795579 Extracting 10MB / 16MB
2025-11-23T06:45:20.902Z INFO  - 94d31f795579 Extracting 11MB / 16MB
2025-11-23T06:45:21.679Z INFO  - 94d31f795579 Extracting 11MB / 16MB
2025-11-23T06:45:22.082Z INFO  - 94d31f795579 Extracting 11MB / 16MB
2025-11-23T06:45:22.835Z INFO  - 94d31f795579 Extracting 13MB / 16MB
2025-11-23T06:45:23.579Z INFO  - 94d31f795579 Extracting 14MB / 16MB
2025-11-23T06:45:23.970Z INFO  - 94d31f795579 Extracting 14MB / 16MB
2025-11-23T06:45:24.826Z INFO  - 94d31f795579 Extracting 15MB / 16MB
2025-11-23T06:45:25.743Z INFO  - 94d31f795579 Extracting 15MB / 16MB
2025-11-23T06:45:25.864Z INFO  - 94d31f795579 Extracting 16MB / 16MB
2025-11-23T06:45:26.015Z INFO  - 94d31f795579 Pull complete
2025-11-23T06:45:26.074Z INFO  - 18c70f6ed5b8 Extracting 125B / 125B
2025-11-23T06:45:26.286Z INFO  - 18c70f6ed5b8 Extracting 125B / 125B
2025-11-23T06:45:26.308Z INFO  - 18c70f6ed5b8 Pull complete
2025-11-23T06:45:26.769Z INFO  - fb49480510c1 Extracting 1MB / 6MB
2025-11-23T06:45:26.831Z INFO  - fb49480510c1 Extracting 4MB / 6MB
2025-11-23T06:45:26.879Z INFO  - fb49480510c1 Extracting 6MB / 6MB
2025-11-23T06:45:26.981Z INFO  - fb49480510c1 Pull complete
2025-11-23T06:45:27.043Z INFO  - 5cb83091061e Extracting 947B / 947B
2025-11-23T06:45:27.103Z INFO  - 5cb83091061e Extracting 947B / 947B
2025-11-23T06:45:27.182Z INFO  - 5cb83091061e Pull complete
2025-11-23T06:45:27.222Z INFO  - 618cb520b534 Extracting 1KB / 1KB
2025-11-23T06:45:27.253Z INFO  - 618cb520b534 Extracting 1KB / 1KB
2025-11-23T06:45:27.374Z INFO  - 618cb520b534 Pull complete
2025-11-23T06:45:27.383Z INFO  - b387b0839a3c Extracting 138B / 138B
2025-11-23T06:45:27.436Z INFO  - b387b0839a3c Extracting 138B / 138B
2025-11-23T06:45:27.449Z INFO  - b387b0839a3c Pull complete
2025-11-23T06:45:27.628Z INFO  - befb3b667a4a Extracting 544KB / 67MB
2025-11-23T06:45:27.757Z INFO  - befb3b667a4a Extracting 1MB / 67MB
2025-11-23T06:45:28.110Z INFO  - befb3b667a4a Extracting 4MB / 67MB
2025-11-23T06:45:29.015Z INFO  - befb3b667a4a Extracting 8MB / 67MB
2025-11-23T06:45:30.102Z INFO  - befb3b667a4a Extracting 9MB / 67MB
2025-11-23T06:45:30.264Z INFO  - befb3b667a4a Extracting 11MB / 67MB
2025-11-23T06:45:30.552Z INFO  - befb3b667a4a Extracting 12MB / 67MB
2025-11-23T06:45:31.266Z INFO  - befb3b667a4a Extracting 14MB / 67MB
2025-11-23T06:45:31.681Z INFO  - befb3b667a4a Extracting 16MB / 67MB
2025-11-23T06:45:32.634Z INFO  - befb3b667a4a Extracting 22MB / 67MB
2025-11-23T06:45:32.837Z INFO  - befb3b667a4a Extracting 24MB / 67MB
2025-11-23T06:45:33.187Z INFO  - befb3b667a4a Extracting 27MB / 67MB
2025-11-23T06:45:33.760Z INFO  - befb3b667a4a Extracting 28MB / 67MB
2025-11-23T06:45:33.851Z INFO  - befb3b667a4a Extracting 29MB / 67MB
2025-11-23T06:45:34.729Z INFO  - befb3b667a4a Extracting 34MB / 67MB
2025-11-23T06:45:35.331Z INFO  - befb3b667a4a Extracting 38MB / 67MB
2025-11-23T06:45:35.814Z INFO  - befb3b667a4a Extracting 39MB / 67MB
2025-11-23T06:45:35.956Z INFO  - befb3b667a4a Extracting 40MB / 67MB
2025-11-23T06:45:36.096Z INFO  - befb3b667a4a Extracting 40MB / 67MB
2025-11-23T06:45:37.795Z INFO  - befb3b667a4a Extracting 45MB / 67MB
2025-11-23T06:45:38.740Z INFO  - befb3b667a4a Extracting 49MB / 67MB
2025-11-23T06:45:39.483Z INFO  - befb3b667a4a Extracting 51MB / 67MB
2025-11-23T06:45:40.713Z INFO  - befb3b667a4a Extracting 63MB / 67MB
2025-11-23T06:45:41.043Z INFO  - befb3b667a4a Extracting 65MB / 67MB
2025-11-23T06:45:41.416Z INFO  - befb3b667a4a Extracting 67MB / 67MB
2025-11-23T06:45:41.547Z INFO  - befb3b667a4a Pull complete
2025-11-23T06:45:41.569Z INFO  - c98fb0ee9c52 Extracting 1KB / 1KB
2025-11-23T06:45:41.656Z INFO  - c98fb0ee9c52 Extracting 1KB / 1KB
2025-11-23T06:45:41.721Z INFO  - c98fb0ee9c52 Pull complete
2025-11-23T06:45:41.777Z INFO  - fed34a6cff95 Extracting 1KB / 1KB
2025-11-23T06:45:41.777Z INFO  - fed34a6cff95 Extracting 1KB / 1KB
2025-11-23T06:45:41.831Z INFO  - fed34a6cff95 Pull complete
2025-11-23T06:45:41.837Z INFO  - 52ac776e496e Extracting 3KB / 3KB
2025-11-23T06:45:41.856Z INFO  - 52ac776e496e Extracting 3KB / 3KB
2025-11-23T06:45:41.887Z INFO  - 52ac776e496e Pull complete
2025-11-23T06:45:41.887Z INFO  - ed277ae6cc1b Extracting 152B / 152B
2025-11-23T06:45:41.896Z INFO  - ed277ae6cc1b Extracting 152B / 152B
2025-11-23T06:45:41.911Z INFO  - ed277ae6cc1b Pull complete
2025-11-23T06:45:41.914Z INFO  - f00d066ab48f Extracting 13KB / 13KB
2025-11-23T06:45:41.939Z INFO  - f00d066ab48f Extracting 13KB / 13KB
2025-11-23T06:45:41.952Z INFO  - f00d066ab48f Pull complete
2025-11-23T06:45:41.962Z INFO  - 84db54845b1f Extracting 1KB / 1KB
2025-11-23T06:45:41.981Z INFO  - 84db54845b1f Extracting 1KB / 1KB
2025-11-23T06:45:42.005Z INFO  - 84db54845b1f Pull complete
2025-11-23T06:45:42.007Z INFO  - 209af07e1fed Extracting 270B / 270B
2025-11-23T06:45:42.022Z INFO  - 209af07e1fed Extracting 270B / 270B
2025-11-23T06:45:42.045Z INFO  - 209af07e1fed Pull complete
2025-11-23T06:45:42.046Z INFO  - f359ae97a578 Extracting 269B / 269B
2025-11-23T06:45:42.084Z INFO  - f359ae97a578 Extracting 269B / 269B
2025-11-23T06:45:42.146Z INFO  - f359ae97a578 Pull complete
2025-11-23T06:45:42.214Z INFO  - 12ae792aadc1 Extracting 124B / 124B
2025-11-23T06:45:42.216Z INFO  - 12ae792aadc1 Extracting 124B / 124B
2025-11-23T06:45:42.239Z INFO  - 12ae792aadc1 Pull complete
2025-11-23T06:45:42.245Z INFO  - 101f3a4877dc Extracting 418B / 418B
2025-11-23T06:45:42.273Z INFO  - 101f3a4877dc Extracting 418B / 418B
2025-11-23T06:45:42.283Z INFO  - 101f3a4877dc Pull complete
2025-11-23T06:45:42.292Z INFO  - 49304a106933 Extracting 1KB / 1KB
2025-11-23T06:45:42.307Z INFO  - 49304a106933 Extracting 1KB / 1KB
2025-11-23T06:45:42.337Z INFO  - 49304a106933 Pull complete
2025-11-23T06:45:42.459Z INFO  - c59bd29a4737 Extracting 128KB / 1MB
2025-11-23T06:45:42.771Z INFO  - c59bd29a4737 Extracting 320KB / 1MB
2025-11-23T06:45:43.133Z INFO  - c59bd29a4737 Extracting 992KB / 1MB
2025-11-23T06:45:43.233Z INFO  - c59bd29a4737 Extracting 1MB / 1MB
2025-11-23T06:45:43.425Z INFO  - c59bd29a4737 Extracting 1MB / 1MB
2025-11-23T06:45:43.535Z INFO  - c59bd29a4737 Pull complete
2025-11-23T06:45:43.537Z INFO  - 6f0a6c0887e0 Extracting 132B / 132B
2025-11-23T06:45:43.585Z INFO  - 6f0a6c0887e0 Extracting 132B / 132B
2025-11-23T06:45:43.646Z INFO  - 6f0a6c0887e0 Pull complete
2025-11-23T06:45:43.746Z INFO  -  Digest: sha256:e0997c95f1dee01363c7fad47ae2355d088a5ce7ad3c46dc9f1f6cafbadc54a0
2025-11-23T06:45:43.750Z INFO  -  Status: Downloaded newer image for 10.1.0.4:13209/appsvc/node:20-lts_20251016.4.tuxprod
2025-11-23T06:45:43.875Z INFO  - Pull Image successful, Time taken: 77 Seconds
2025-11-23T06:45:44.491Z INFO  - Starting container for site
2025-11-23T06:45:44.491Z INFO  - docker run -d --expose=8000 --name projectconnect-backend_0_4579a7a3 -e WEBSITE_USE_DIAGNOSTIC_SERVER=true -e PORT=8000 -e WEBSITE_SITE_NAME=projectconnect-backend -e WEBSITE_AUTH_ENABLED=False -e WEBSITE_ROLE_INSTANCE_ID=0 -e WEBSITE_HOSTNAME=projectconnect-backend.azurewebsites.net -e WEBSITE_INSTANCE_ID=771c4855b52f18cdab2a5fc344c5bec327e980889332ccf5151f348f68cb25c7 appsvc/node:20-lts_20251016.4.tuxprod REDACTED
2025-11-23T06:45:44.509Z INFO  - Logging is not enabled for this container.
Please use https://aka.ms/linux-diagnostics to enable logging to see container logs here.
2025-11-23T06:45:48.946Z INFO  - Initiating warmup request to container projectconnect-backend_0_4579a7a3 for site projectconnect-backend
2025-11-23T06:46:09.448Z INFO  - Waiting for response to warmup request for container projectconnect-backend_0_4579a7a3. Elapsed time = 20.5512845 sec
2025-11-23T06:46:21.577Z ERROR - Container projectconnect-backend_0_4579a7a3 for site projectconnect-backend has exited, failing site start
2025-11-23T06:46:21.618Z ERROR - Container projectconnect-backend_0_4579a7a3 didn't respond to HTTP pings on port: 8000. Failing site start. See container logs for debugging.
2025-11-23T06:46:21.674Z INFO  - Stopping site projectconnect-backend because it failed during startup.
2025-11-23T06:46:38.095Z INFO  - Starting container for site
2025-11-23T06:46:38.096Z INFO  - docker run -d --expose=8000 --name projectconnect-backend_0_89114d1d -e WEBSITE_USE_DIAGNOSTIC_SERVER=true -e PORT=8000 -e WEBSITE_SITE_NAME=projectconnect-backend -e WEBSITE_AUTH_ENABLED=False -e WEBSITE_ROLE_INSTANCE_ID=0 -e WEBSITE_HOSTNAME=projectconnect-backend.azurewebsites.net -e WEBSITE_INSTANCE_ID=771c4855b52f18cdab2a5fc344c5bec327e980889332ccf5151f348f68cb25c7 appsvc/node:20-lts_20251016.4.tuxprod REDACTED
2025-11-23T06:46:38.102Z INFO  - Logging is not enabled for this container.
Please use https://aka.ms/linux-diagnostics to enable logging to see container logs here.
2025-11-23T06:46:41.314Z INFO  - Initiating warmup request to container projectconnect-backend_0_89114d1d for site projectconnect-backend
2025-11-23T06:46:58.611Z INFO  - Waiting for response to warmup request for container projectconnect-backend_0_89114d1d. Elapsed time = 17.2973545 sec
2025-11-23T06:47:07.979Z ERROR - Container projectconnect-backend_0_89114d1d for site projectconnect-backend has exited, failing site start
2025-11-23T06:47:08.009Z ERROR - Container projectconnect-backend_0_89114d1d didn't respond to HTTP pings on port: 8000. Failing site start. See container logs for debugging.
2025-11-23T06:47:08.022Z INFO  - Stopping site projectconnect-backend because it failed during startup.
2025-11-23T06:47:20.883Z INFO  - Starting container for site
2025-11-23T06:47:20.885Z INFO  - docker run -d --expose=8000 --name projectconnect-backend_0_639e363c -e WEBSITE_USE_DIAGNOSTIC_SERVER=true -e PORT=8000 -e WEBSITE_SITE_NAME=projectconnect-backend -e WEBSITE_AUTH_ENABLED=False -e WEBSITE_ROLE_INSTANCE_ID=0 -e WEBSITE_HOSTNAME=projectconnect-backend.azurewebsites.net -e WEBSITE_INSTANCE_ID=771c4855b52f18cdab2a5fc344c5bec327e980889332ccf5151f348f68cb25c7 appsvc/node:20-lts_20251016.4.tuxprod REDACTED
2025-11-23T06:47:20.923Z INFO  - Logging is not enabled for this container.
Please use https://aka.ms/linux-diagnostics to enable logging to see container logs here.
2025-11-23T06:47:28.113Z INFO  - Initiating warmup request to container projectconnect-backend_0_639e363c for site projectconnect-backend
2025-11-23T06:47:45.375Z INFO  - Waiting for response to warmup request for container projectconnect-backend_0_639e363c. Elapsed time = 17.2619853 sec
2025-11-23T06:47:54.679Z ERROR - Container projectconnect-backend_0_639e363c for site projectconnect-backend has exited, failing site start
2025-11-23T06:47:54.698Z ERROR - Container projectconnect-backend_0_639e363c didn't respond to HTTP pings on port: 8000. Failing site start. See container logs for debugging.
2025-11-23T06:47:54.706Z INFO  - Stopping site projectconnect-backend because it failed during startup.
2025-11-23T06:48:05.324Z INFO  - Starting container for site
2025-11-23T06:48:05.334Z INFO  - docker run -d --expose=8000 --name projectconnect-backend_0_14ae8b0d -e WEBSITE_USE_DIAGNOSTIC_SERVER=true -e PORT=8000 -e WEBSITE_SITE_NAME=projectconnect-backend -e WEBSITE_AUTH_ENABLED=False -e WEBSITE_ROLE_INSTANCE_ID=0 -e WEBSITE_HOSTNAME=projectconnect-backend.azurewebsites.net -e WEBSITE_INSTANCE_ID=771c4855b52f18cdab2a5fc344c5bec327e980889332ccf5151f348f68cb25c7 appsvc/node:20-lts_20251016.4.tuxprod REDACTED
2025-11-23T06:48:05.335Z INFO  - Logging is not enabled for this container.
Please use https://aka.ms/linux-diagnostics to enable logging to see container logs here.
2025-11-23T06:48:08.350Z INFO  - Initiating warmup request to container projectconnect-backend_0_14ae8b0d for site projectconnect-backend
2025-11-23T06:48:24.626Z INFO  - Waiting for response to warmup request for container projectconnect-backend_0_14ae8b0d. Elapsed time = 16.2759777 sec
2025-11-23T06:48:38.778Z ERROR - Container projectconnect-backend_0_14ae8b0d for site projectconnect-backend has exited, failing site start
2025-11-23T06:48:38.786Z ERROR - Container projectconnect-backend_0_14ae8b0d didn't respond to HTTP pings on port: 8000. Failing site start. See container logs for debugging.
2025-11-23T06:48:38.807Z INFO  - Stopping site projectconnect-backend because it failed during startup.
2025-11-23T06:50:59.2935217Z Container start method called.
2025-11-23T06:50:59.3020578Z Establishing network.
2025-11-23T06:50:59.3027358Z Pulling image: appsvc/node:20-lts_20251016.4.tuxprod.
2025-11-23T06:51:00.3375644Z Container is starting.
2025-11-23T06:51:00.3378134Z Establishing user namespace if not established already.
2025-11-23T06:51:00.3379410Z Establishing network if not established already.
2025-11-23T06:51:00.3380601Z Mounting volumes.
2025-11-23T06:51:00.3475463Z Nested mountpoint 
2025-11-23T06:51:00.4188949Z Nested mountpoint volatile/logs
2025-11-23T06:51:00.4603224Z Nested mountpoint 
2025-11-23T06:51:00.5193008Z Nested mountpoint 
2025-11-23T06:51:00.5203934Z Nested mountpoint 
2025-11-23T06:51:02.1814069Z Creating container.
2025-11-23T06:51:02.2097940Z Creating pipes for streaming container io.
2025-11-23T06:51:02.2511159Z Creating stdout named pipe at /podr/container/pipe/a28e481134aa_projectconnect-backend/stdout_b4977995b73f47c3969f347be0215303.
2025-11-23T06:51:02.2789937Z Successfully created stdout named pipe at: /podr/container/pipe/a28e481134aa_projectconnect-backend/stdout_b4977995b73f47c3969f347be0215303.
2025-11-23T06:51:02.2797670Z Opening named pipe /podr/container/pipe/a28e481134aa_projectconnect-backend/stdout_b4977995b73f47c3969f347be0215303 for reading in non-blocking mode.
2025-11-23T06:51:02.2803745Z Successfully opened named pipe: /podr/container/pipe/a28e481134aa_projectconnect-backend/stdout_b4977995b73f47c3969f347be0215303.
2025-11-23T06:51:02.2811756Z Successfully removed non-blocking flag from /podr/container/pipe/a28e481134aa_projectconnect-backend/stdout_b4977995b73f47c3969f347be0215303.
2025-11-23T06:51:02.2903821Z Creating stderr named pipe at /podr/container/pipe/a28e481134aa_projectconnect-backend/stderr_9eda0a877eb54e59bcc1bc9061186b2b.
2025-11-23T06:51:02.2993663Z Successfully created stderr named pipe at: /podr/container/pipe/a28e481134aa_projectconnect-backend/stderr_9eda0a877eb54e59bcc1bc9061186b2b.
2025-11-23T06:51:02.3009332Z Opening named pipe /podr/container/pipe/a28e481134aa_projectconnect-backend/stderr_9eda0a877eb54e59bcc1bc9061186b2b for reading in non-blocking mode.
2025-11-23T06:51:02.3012858Z Successfully opened named pipe: /podr/container/pipe/a28e481134aa_projectconnect-backend/stderr_9eda0a877eb54e59bcc1bc9061186b2b.
2025-11-23T06:51:02.3110195Z Successfully removed non-blocking flag from /podr/container/pipe/a28e481134aa_projectconnect-backend/stderr_9eda0a877eb54e59bcc1bc9061186b2b.
2025-11-23T06:51:02.3290259Z Creating container with image: appsvc/node:20-lts_20251016.4.tuxprod from registry: 10.1.0.4:13209 and fully qualified image name: 10.1.0.4:13209/appsvc/node:20-lts_20251016.4.tuxprod
2025-11-23T06:51:04.5856306Z Starting container: a28e481134aa_projectconnect-backend.
2025-11-23T06:51:04.7157848Z Starting watchers and probes.
2025-11-23T06:51:04.7342625Z Starting metrics collection.
2025-11-23T06:51:04.7356194Z Container is running.
2025-11-23T06:51:04.7945697Z Container start method finished after 5500 ms.
2025-11-23T06:51:30.3727494Z Container has finished running with exit code: 2.
2025-11-23T06:51:30.3825589Z Container is terminating. Grace period: 5 seconds.
2025-11-23T06:51:30.4091773Z Stop and delete container. Retry count = 0
2025-11-23T06:51:30.4103581Z Stopping container: a28e481134aa_projectconnect-backend.
2025-11-23T06:51:30.4792095Z Deleting container: a28e481134aa_projectconnect-backend. Retry count = 0
2025-11-23T06:51:30.7134977Z Container spec TerminationMessagePolicy  path 
2025-11-23T06:51:30.7149952Z Container is terminated. Total time elapsed: 313 ms.
2025-11-23T06:51:30.7163993Z Site container: projectconnect-backend terminated during site startup.
2025-11-23T06:51:30.7754738Z Site startup probe failed after 25.9482542 seconds.
2025-11-23T06:51:31.0300713Z Failed to start site. Revert by stopping site.
2025-11-23T06:51:31.0579963Z Site: projectconnect-backend stopped.
2025-11-23T06:51:39.3820678Z Container start method called.
2025-11-23T06:51:39.3824859Z Establishing network.
2025-11-23T06:51:39.3826226Z Pulling image: appsvc/node:20-lts_20251016.4.tuxprod.
2025-11-23T06:51:39.9501811Z Container is starting.
2025-11-23T06:51:39.9503330Z Establishing user namespace if not established already.
2025-11-23T06:51:39.9504158Z Establishing network if not established already.
2025-11-23T06:51:39.9505102Z Mounting volumes.
2025-11-23T06:51:39.9581143Z Nested mountpoint 
2025-11-23T06:51:40.0075809Z Nested mountpoint volatile/logs
2025-11-23T06:51:40.0179606Z Nested mountpoint 
2025-11-23T06:51:40.0754693Z Nested mountpoint 
2025-11-23T06:51:40.0880724Z Nested mountpoint 
2025-11-23T06:51:40.6078153Z Creating container.
2025-11-23T06:51:40.6094638Z Creating pipes for streaming container io.
2025-11-23T06:51:40.6175831Z Creating stdout named pipe at /podr/container/pipe/d0e50d7d8ee6_projectconnect-backend/stdout_02d7be1fdf094789bc28bea15d52ce0e.
2025-11-23T06:51:40.6183861Z Successfully created stdout named pipe at: /podr/container/pipe/d0e50d7d8ee6_projectconnect-backend/stdout_02d7be1fdf094789bc28bea15d52ce0e.
2025-11-23T06:51:40.6190880Z Opening named pipe /podr/container/pipe/d0e50d7d8ee6_projectconnect-backend/stdout_02d7be1fdf094789bc28bea15d52ce0e for reading in non-blocking mode.
2025-11-23T06:51:40.6270436Z Successfully opened named pipe: /podr/container/pipe/d0e50d7d8ee6_projectconnect-backend/stdout_02d7be1fdf094789bc28bea15d52ce0e.
2025-11-23T06:51:40.6276905Z Successfully removed non-blocking flag from /podr/container/pipe/d0e50d7d8ee6_projectconnect-backend/stdout_02d7be1fdf094789bc28bea15d52ce0e.
2025-11-23T06:51:40.6279095Z Creating stderr named pipe at /podr/container/pipe/d0e50d7d8ee6_projectconnect-backend/stderr_9621eb3dbad344b6a02a79adb1f84d3a.
2025-11-23T06:51:40.6287972Z Successfully created stderr named pipe at: /podr/container/pipe/d0e50d7d8ee6_projectconnect-backend/stderr_9621eb3dbad344b6a02a79adb1f84d3a.
2025-11-23T06:51:40.6297349Z Opening named pipe /podr/container/pipe/d0e50d7d8ee6_projectconnect-backend/stderr_9621eb3dbad344b6a02a79adb1f84d3a for reading in non-blocking mode.
2025-11-23T06:51:40.6381160Z Successfully opened named pipe: /podr/container/pipe/d0e50d7d8ee6_projectconnect-backend/stderr_9621eb3dbad344b6a02a79adb1f84d3a.
2025-11-23T06:51:40.6389624Z Successfully removed non-blocking flag from /podr/container/pipe/d0e50d7d8ee6_projectconnect-backend/stderr_9621eb3dbad344b6a02a79adb1f84d3a.
2025-11-23T06:51:40.6398378Z Creating container with image: appsvc/node:20-lts_20251016.4.tuxprod from registry: 10.1.0.4:13209 and fully qualified image name: 10.1.0.4:13209/appsvc/node:20-lts_20251016.4.tuxprod
2025-11-23T06:51:41.1585856Z Starting container: d0e50d7d8ee6_projectconnect-backend.
2025-11-23T06:51:41.2284289Z Starting watchers and probes.
2025-11-23T06:51:41.2376876Z Starting metrics collection.
2025-11-23T06:51:41.2390373Z Container is running.
2025-11-23T06:51:41.4449259Z Container start method finished after 2062 ms.
2025-11-23T06:52:06.8571289Z Container has finished running with exit code: 2.
2025-11-23T06:52:06.8572804Z Container is terminating. Grace period: 5 seconds.
2025-11-23T06:52:06.8575404Z Stop and delete container. Retry count = 0
2025-11-23T06:52:06.8576148Z Stopping container: d0e50d7d8ee6_projectconnect-backend.
2025-11-23T06:52:06.9184392Z Deleting container: d0e50d7d8ee6_projectconnect-backend. Retry count = 0
2025-11-23T06:52:07.3362590Z Container spec TerminationMessagePolicy  path 
2025-11-23T06:52:07.3645476Z Container is terminated. Total time elapsed: 506 ms.
2025-11-23T06:52:07.3648064Z Site container: projectconnect-backend terminated during site startup.
2025-11-23T06:52:07.3852553Z Site startup probe failed after 25.9205991 seconds.
2025-11-23T06:52:07.7452717Z Failed to start site. Revert by stopping site.
2025-11-23T06:52:07.7467787Z Site: projectconnect-backend stopped.
2025-11-23T07:47:29.7965005Z Container start method called.
2025-11-23T07:47:29.8050436Z Establishing network.
2025-11-23T07:47:29.8069629Z Pulling image: appsvc/node:20-lts_20251016.4.tuxprod.
2025-11-23T07:47:54.6000976Z Container is starting.
2025-11-23T07:47:54.6053408Z Establishing user namespace if not established already.
2025-11-23T07:47:54.6101469Z Establishing network if not established already.
2025-11-23T07:47:54.6110501Z Mounting volumes.
2025-11-23T07:47:54.6121956Z Nested mountpoint 
2025-11-23T07:47:54.6415261Z Nested mountpoint volatile/logs
2025-11-23T07:47:54.6624237Z Nested mountpoint 
2025-11-23T07:47:54.6723541Z Nested mountpoint 
2025-11-23T07:47:54.6811463Z Nested mountpoint 
2025-11-23T07:47:55.2452541Z Creating container.
2025-11-23T07:47:55.2468735Z Creating pipes for streaming container io.
2025-11-23T07:47:55.2580825Z Creating stdout named pipe at /podr/container/pipe/77ff55179c42_projectconnect-backend/stdout_41020cbeeee4493b9e8b74efa02a3f32.
2025-11-23T07:47:55.2591125Z Successfully created stdout named pipe at: /podr/container/pipe/77ff55179c42_projectconnect-backend/stdout_41020cbeeee4493b9e8b74efa02a3f32.
2025-11-23T07:47:55.2596614Z Opening named pipe /podr/container/pipe/77ff55179c42_projectconnect-backend/stdout_41020cbeeee4493b9e8b74efa02a3f32 for reading in non-blocking mode.
2025-11-23T07:47:55.2603915Z Successfully opened named pipe: /podr/container/pipe/77ff55179c42_projectconnect-backend/stdout_41020cbeeee4493b9e8b74efa02a3f32.
2025-11-23T07:47:55.2644206Z Successfully removed non-blocking flag from /podr/container/pipe/77ff55179c42_projectconnect-backend/stdout_41020cbeeee4493b9e8b74efa02a3f32.
2025-11-23T07:47:55.2645744Z Creating stderr named pipe at /podr/container/pipe/77ff55179c42_projectconnect-backend/stderr_0a25a6c006ce4f0b82de69eed9590da9.
2025-11-23T07:47:55.2647373Z Successfully created stderr named pipe at: /podr/container/pipe/77ff55179c42_projectconnect-backend/stderr_0a25a6c006ce4f0b82de69eed9590da9.
2025-11-23T07:47:55.2648376Z Opening named pipe /podr/container/pipe/77ff55179c42_projectconnect-backend/stderr_0a25a6c006ce4f0b82de69eed9590da9 for reading in non-blocking mode.
2025-11-23T07:47:55.2649786Z Successfully opened named pipe: /podr/container/pipe/77ff55179c42_projectconnect-backend/stderr_0a25a6c006ce4f0b82de69eed9590da9.
2025-11-23T07:47:55.2650945Z Successfully removed non-blocking flag from /podr/container/pipe/77ff55179c42_projectconnect-backend/stderr_0a25a6c006ce4f0b82de69eed9590da9.
2025-11-23T07:47:55.2658834Z Creating container with image: appsvc/node:20-lts_20251016.4.tuxprod from registry: 10.1.0.4:13209 and fully qualified image name: 10.1.0.4:13209/appsvc/node:20-lts_20251016.4.tuxprod
2025-11-23T07:47:56.2036969Z Starting container: 77ff55179c42_projectconnect-backend.
2025-11-23T07:47:56.3012816Z Starting watchers and probes.
2025-11-23T07:47:56.3184314Z Starting metrics collection.
2025-11-23T07:47:56.3288531Z Container is running.
2025-11-23T07:47:57.7278396Z Container start method finished after 27931 ms.
2025-11-23T07:48:35.6816528Z Container has finished running with exit code: 254.
2025-11-23T07:48:35.6825096Z Container is terminating. Grace period: 5 seconds.
2025-11-23T07:48:35.6931064Z Stop and delete container. Retry count = 0
2025-11-23T07:48:35.6938152Z Stopping container: 77ff55179c42_projectconnect-backend.
2025-11-23T07:48:35.7806756Z Deleting container: 77ff55179c42_projectconnect-backend. Retry count = 0
2025-11-23T07:48:36.1295888Z Container spec TerminationMessagePolicy  path 
2025-11-23T07:48:36.1689941Z Container is terminated. Total time elapsed: 478 ms.
2025-11-23T07:48:36.1921298Z Site container: projectconnect-backend terminated during site startup.
2025-11-23T07:48:36.2778874Z Site startup probe failed after 38.4414804 seconds.
2025-11-23T07:48:36.9628288Z Failed to start site. Revert by stopping site.
2025-11-23T07:48:37.0294123Z Site: projectconnect-backend stopped.
2025-11-23T07:48:59.4246182Z Container start method called.
2025-11-23T07:48:59.4547826Z Establishing network.
2025-11-23T07:48:59.4556931Z Pulling image: appsvc/node:20-lts_20251016.4.tuxprod.
2025-11-23T07:49:22.8776167Z Container is starting.
2025-11-23T07:49:22.8836675Z Establishing user namespace if not established already.
2025-11-23T07:49:22.8874861Z Establishing network if not established already.
2025-11-23T07:49:22.8890772Z Mounting volumes.
2025-11-23T07:49:22.8920148Z Nested mountpoint 
2025-11-23T07:49:22.9504679Z Nested mountpoint volatile/logs
2025-11-23T07:49:22.9694424Z Nested mountpoint 
2025-11-23T07:49:22.9870135Z Nested mountpoint 
2025-11-23T07:49:22.9982149Z Nested mountpoint 
2025-11-23T07:49:23.5834967Z Creating container.
2025-11-23T07:49:23.5933619Z Creating pipes for streaming container io.
2025-11-23T07:49:23.5935251Z Creating stdout named pipe at /podr/container/pipe/3223b26ce6f0_projectconnect-backend/stdout_70d14c25b80a4679874db0307894abf6.
2025-11-23T07:49:23.6021276Z Successfully created stdout named pipe at: /podr/container/pipe/3223b26ce6f0_projectconnect-backend/stdout_70d14c25b80a4679874db0307894abf6.
2025-11-23T07:49:23.6035331Z Opening named pipe /podr/container/pipe/3223b26ce6f0_projectconnect-backend/stdout_70d14c25b80a4679874db0307894abf6 for reading in non-blocking mode.
2025-11-23T07:49:23.6119145Z Successfully opened named pipe: /podr/container/pipe/3223b26ce6f0_projectconnect-backend/stdout_70d14c25b80a4679874db0307894abf6.
2025-11-23T07:49:23.6137969Z Successfully removed non-blocking flag from /podr/container/pipe/3223b26ce6f0_projectconnect-backend/stdout_70d14c25b80a4679874db0307894abf6.
2025-11-23T07:49:23.6210436Z Creating stderr named pipe at /podr/container/pipe/3223b26ce6f0_projectconnect-backend/stderr_b943428647764cfa9f608c852ff934be.
2025-11-23T07:49:23.6227107Z Successfully created stderr named pipe at: /podr/container/pipe/3223b26ce6f0_projectconnect-backend/stderr_b943428647764cfa9f608c852ff934be.
2025-11-23T07:49:23.6231271Z Opening named pipe /podr/container/pipe/3223b26ce6f0_projectconnect-backend/stderr_b943428647764cfa9f608c852ff934be for reading in non-blocking mode.
2025-11-23T07:49:23.6234350Z Successfully opened named pipe: /podr/container/pipe/3223b26ce6f0_projectconnect-backend/stderr_b943428647764cfa9f608c852ff934be.
2025-11-23T07:49:23.6323713Z Successfully removed non-blocking flag from /podr/container/pipe/3223b26ce6f0_projectconnect-backend/stderr_b943428647764cfa9f608c852ff934be.
2025-11-23T07:49:23.6347428Z Creating container with image: appsvc/node:20-lts_20251016.4.tuxprod from registry: 10.1.0.4:13209 and fully qualified image name: 10.1.0.4:13209/appsvc/node:20-lts_20251016.4.tuxprod
2025-11-23T07:49:24.2805251Z Starting container: 3223b26ce6f0_projectconnect-backend.
2025-11-23T07:49:24.3696904Z Starting watchers and probes.
2025-11-23T07:49:24.3710016Z Starting metrics collection.
2025-11-23T07:49:24.3791564Z Container is running.
2025-11-23T07:49:24.5676680Z Container start method finished after 25119 ms.
2025-11-23T07:49:55.7143871Z Container has finished running with exit code: 254.
2025-11-23T07:49:55.7149399Z Container is terminating. Grace period: 5 seconds.
2025-11-23T07:49:55.7159619Z Stop and delete container. Retry count = 0
2025-11-23T07:49:55.7244953Z Stopping container: 3223b26ce6f0_projectconnect-backend.
2025-11-23T07:49:55.7746892Z Deleting container: 3223b26ce6f0_projectconnect-backend. Retry count = 0
2025-11-23T07:49:56.0502293Z Container spec TerminationMessagePolicy  path 
2025-11-23T07:49:56.0509152Z Container is terminated. Total time elapsed: 335 ms.
2025-11-23T07:49:56.0524595Z Site container: projectconnect-backend terminated during site startup.
2025-11-23T07:49:56.0710020Z Site startup probe failed after 31.5019646 seconds.
2025-11-23T07:49:56.2877522Z Failed to start site. Revert by stopping site.
2025-11-23T07:49:56.3160118Z Site: projectconnect-backend stopped.
2025-11-23T07:49:56.9427839Z Site: projectconnect-backend will be blocked for 1 minutes till 11/23/2025 07:50:56
2025-11-23T07:50:56.9527545Z Site: projectconnect-backend is unblocked.
2025-11-23T07:51:46.7077012Z Container start method called.
2025-11-23T07:51:46.7097130Z Establishing network.
2025-11-23T07:51:46.7103794Z Pulling image: appsvc/node:20-lts_20251016.4.tuxprod.
2025-11-23T07:52:25.7187544Z Container is starting.
2025-11-23T07:52:25.7587787Z Establishing user namespace if not established already.
2025-11-23T07:52:25.7596247Z Establishing network if not established already.
2025-11-23T07:52:25.7604460Z Mounting volumes.
2025-11-23T07:52:25.7887251Z Nested mountpoint 
2025-11-23T07:52:25.8285693Z Nested mountpoint volatile/logs
2025-11-23T07:52:25.8776939Z Nested mountpoint 
2025-11-23T07:52:25.9048197Z Nested mountpoint 
2025-11-23T07:52:25.9843326Z Nested mountpoint 
2025-11-23T07:52:27.6899914Z Creating container.
2025-11-23T07:52:27.6921962Z Creating pipes for streaming container io.
2025-11-23T07:52:27.7305006Z Creating stdout named pipe at /podr/container/pipe/198dae25b998_projectconnect-backend/stdout_b13babd6e6834fefa3096f5f6648a36b.
2025-11-23T07:52:27.7411799Z Successfully created stdout named pipe at: /podr/container/pipe/198dae25b998_projectconnect-backend/stdout_b13babd6e6834fefa3096f5f6648a36b.
2025-11-23T07:52:27.7500488Z Opening named pipe /podr/container/pipe/198dae25b998_projectconnect-backend/stdout_b13babd6e6834fefa3096f5f6648a36b for reading in non-blocking mode.
2025-11-23T07:52:27.7516318Z Successfully opened named pipe: /podr/container/pipe/198dae25b998_projectconnect-backend/stdout_b13babd6e6834fefa3096f5f6648a36b.
2025-11-23T07:52:27.7711365Z Successfully removed non-blocking flag from /podr/container/pipe/198dae25b998_projectconnect-backend/stdout_b13babd6e6834fefa3096f5f6648a36b.
2025-11-23T07:52:27.7895719Z Creating stderr named pipe at /podr/container/pipe/198dae25b998_projectconnect-backend/stderr_49ea23a448b44328b28ad65021594f55.
2025-11-23T07:52:27.7898394Z Successfully created stderr named pipe at: /podr/container/pipe/198dae25b998_projectconnect-backend/stderr_49ea23a448b44328b28ad65021594f55.
2025-11-23T07:52:27.7899317Z Opening named pipe /podr/container/pipe/198dae25b998_projectconnect-backend/stderr_49ea23a448b44328b28ad65021594f55 for reading in non-blocking mode.
2025-11-23T07:52:27.7900401Z Successfully opened named pipe: /podr/container/pipe/198dae25b998_projectconnect-backend/stderr_49ea23a448b44328b28ad65021594f55.
2025-11-23T07:52:27.7901209Z Successfully removed non-blocking flag from /podr/container/pipe/198dae25b998_projectconnect-backend/stderr_49ea23a448b44328b28ad65021594f55.
2025-11-23T07:52:27.7903109Z Creating container with image: appsvc/node:20-lts_20251016.4.tuxprod from registry: 10.1.0.4:13209 and fully qualified image name: 10.1.0.4:13209/appsvc/node:20-lts_20251016.4.tuxprod
2025-11-23T07:52:30.1231831Z Starting container: 198dae25b998_projectconnect-backend.
2025-11-23T07:52:30.2037173Z Starting watchers and probes.
2025-11-23T07:52:30.2320809Z Starting metrics collection.
2025-11-23T07:52:30.2334653Z Container is running.
2025-11-23T07:52:30.3775393Z Container start method finished after 43668 ms.
2025-11-23T07:53:07.3754438Z Container has finished running with exit code: 1.
2025-11-23T07:53:07.3833658Z Container is terminating. Grace period: 5 seconds.
2025-11-23T07:53:07.4056137Z Stop and delete container. Retry count = 0
2025-11-23T07:53:07.4138625Z Stopping container: 198dae25b998_projectconnect-backend.
2025-11-23T07:53:07.6150132Z Deleting container: 198dae25b998_projectconnect-backend. Retry count = 0
2025-11-23T07:53:07.8762444Z Container spec TerminationMessagePolicy  path 
2025-11-23T07:53:07.8867432Z Container is terminated. Total time elapsed: 483 ms.
2025-11-23T07:53:07.8873905Z Site container: projectconnect-backend terminated during site startup.
2025-11-23T07:53:07.9170662Z Site startup probe failed after 37.4414122 seconds.
2025-11-23T07:53:08.0934648Z Failed to start site. Revert by stopping site.
2025-11-23T07:53:08.1104063Z Site: projectconnect-backend stopped.
2025-11-23T07:53:08.7378741Z Site: projectconnect-backend will be blocked for 1 minutes till 11/23/2025 07:54:08
2025-11-23T07:54:08.7394230Z Site: projectconnect-backend is unblocked.
2025-11-23T07:56:56.3805914Z Container start method called.
2025-11-23T07:56:56.3827074Z Establishing network.
2025-11-23T07:56:56.3835811Z Pulling image: appsvc/node:20-lts_20251016.4.tuxprod.
2025-11-23T07:57:30.2889523Z Container is starting.
2025-11-23T07:57:30.2941134Z Establishing user namespace if not established already.
2025-11-23T07:57:30.2944216Z Establishing network if not established already.
2025-11-23T07:57:30.2956622Z Mounting volumes.
2025-11-23T07:57:30.2998094Z Nested mountpoint 
2025-11-23T07:57:30.3301008Z Nested mountpoint volatile/logs
2025-11-23T07:57:30.3686723Z Nested mountpoint 
2025-11-23T07:57:30.3693819Z Nested mountpoint 
2025-11-23T07:57:30.3799431Z Nested mountpoint 
2025-11-23T07:57:31.1160202Z Creating container.
2025-11-23T07:57:31.1162543Z Creating pipes for streaming container io.
2025-11-23T07:57:31.1163473Z Creating stdout named pipe at /podr/container/pipe/18f1f3910a60_projectconnect-backend/stdout_848ab60c17464b5f927deaa9ef981303.
2025-11-23T07:57:31.1246663Z Successfully created stdout named pipe at: /podr/container/pipe/18f1f3910a60_projectconnect-backend/stdout_848ab60c17464b5f927deaa9ef981303.
2025-11-23T07:57:31.1249826Z Opening named pipe /podr/container/pipe/18f1f3910a60_projectconnect-backend/stdout_848ab60c17464b5f927deaa9ef981303 for reading in non-blocking mode.
2025-11-23T07:57:31.1256088Z Successfully opened named pipe: /podr/container/pipe/18f1f3910a60_projectconnect-backend/stdout_848ab60c17464b5f927deaa9ef981303.
2025-11-23T07:57:31.1263512Z Successfully removed non-blocking flag from /podr/container/pipe/18f1f3910a60_projectconnect-backend/stdout_848ab60c17464b5f927deaa9ef981303.
2025-11-23T07:57:31.1269018Z Creating stderr named pipe at /podr/container/pipe/18f1f3910a60_projectconnect-backend/stderr_53cd3025bc5e40c1a942155e0fe3738b.
2025-11-23T07:57:31.1545527Z Successfully created stderr named pipe at: /podr/container/pipe/18f1f3910a60_projectconnect-backend/stderr_53cd3025bc5e40c1a942155e0fe3738b.
2025-11-23T07:57:31.1550404Z Opening named pipe /podr/container/pipe/18f1f3910a60_projectconnect-backend/stderr_53cd3025bc5e40c1a942155e0fe3738b for reading in non-blocking mode.
2025-11-23T07:57:31.1562020Z Successfully opened named pipe: /podr/container/pipe/18f1f3910a60_projectconnect-backend/stderr_53cd3025bc5e40c1a942155e0fe3738b.
2025-11-23T07:57:31.1754988Z Successfully removed non-blocking flag from /podr/container/pipe/18f1f3910a60_projectconnect-backend/stderr_53cd3025bc5e40c1a942155e0fe3738b.
2025-11-23T07:57:31.2321153Z Creating container with image: appsvc/node:20-lts_20251016.4.tuxprod from registry: 10.1.0.4:13209 and fully qualified image name: 10.1.0.4:13209/appsvc/node:20-lts_20251016.4.tuxprod
2025-11-23T07:57:31.9163486Z Starting container: 18f1f3910a60_projectconnect-backend.
2025-11-23T07:57:32.0455237Z Starting watchers and probes.
2025-11-23T07:57:32.0556341Z Starting metrics collection.
2025-11-23T07:57:32.0562821Z Container is running.
2025-11-23T07:57:32.3092325Z Container start method finished after 35928 ms.
2025-11-23T07:58:08.0783657Z Container has finished running with exit code: 1.
2025-11-23T07:58:08.0871458Z Container is terminating. Grace period: 5 seconds.
2025-11-23T07:58:08.0957095Z Stop and delete container. Retry count = 0
2025-11-23T07:58:08.0973699Z Stopping container: 18f1f3910a60_projectconnect-backend.
2025-11-23T07:58:08.1581484Z Deleting container: 18f1f3910a60_projectconnect-backend. Retry count = 0
2025-11-23T07:58:08.5028052Z Container spec TerminationMessagePolicy  path 
2025-11-23T07:58:08.5227702Z Container is terminated. Total time elapsed: 435 ms.
2025-11-23T07:58:08.5316979Z Site container: projectconnect-backend terminated during site startup.
2025-11-23T07:58:08.5602979Z Site startup probe failed after 36.1511394 seconds.
2025-11-23T07:58:08.7780494Z Failed to start site. Revert by stopping site.
2025-11-23T07:58:08.7960177Z Site: projectconnect-backend stopped.
2025-11-23T08:06:04.0966303Z Container start method called.
2025-11-23T08:06:04.0967626Z Establishing network.
2025-11-23T08:06:04.0968611Z Pulling image: appsvc/node:20-lts_20251016.4.tuxprod.
2025-11-23T08:06:05.2250694Z Container is starting.
2025-11-23T08:06:05.2337763Z Establishing user namespace if not established already.
2025-11-23T08:06:05.2633802Z Establishing network if not established already.
2025-11-23T08:06:05.2635964Z Mounting volumes.
2025-11-23T08:06:05.2637401Z Nested mountpoint 
2025-11-23T08:06:05.2843336Z Nested mountpoint volatile/logs
2025-11-23T08:06:05.3235529Z Nested mountpoint 
2025-11-23T08:06:05.4614765Z Nested mountpoint 
2025-11-23T08:06:05.5913053Z Nested mountpoint 
2025-11-23T08:06:06.7122875Z Creating container.
2025-11-23T08:06:06.7125388Z Creating pipes for streaming container io.
2025-11-23T08:06:06.7126600Z Creating stdout named pipe at /podr/container/pipe/963b1a002f22_projectconnect-backend/stdout_082cd408f1cf4b4d8cea22a531a3b0ce.
2025-11-23T08:06:06.7129213Z Successfully created stdout named pipe at: /podr/container/pipe/963b1a002f22_projectconnect-backend/stdout_082cd408f1cf4b4d8cea22a531a3b0ce.
2025-11-23T08:06:06.7130292Z Opening named pipe /podr/container/pipe/963b1a002f22_projectconnect-backend/stdout_082cd408f1cf4b4d8cea22a531a3b0ce for reading in non-blocking mode.
2025-11-23T08:06:06.7718656Z Successfully opened named pipe: /podr/container/pipe/963b1a002f22_projectconnect-backend/stdout_082cd408f1cf4b4d8cea22a531a3b0ce.
2025-11-23T08:06:06.7796157Z Successfully removed non-blocking flag from /podr/container/pipe/963b1a002f22_projectconnect-backend/stdout_082cd408f1cf4b4d8cea22a531a3b0ce.
2025-11-23T08:06:06.7802210Z Creating stderr named pipe at /podr/container/pipe/963b1a002f22_projectconnect-backend/stderr_bac8999e227a4e03aafcbddaaa8a2e08.
2025-11-23T08:06:06.7805915Z Successfully created stderr named pipe at: /podr/container/pipe/963b1a002f22_projectconnect-backend/stderr_bac8999e227a4e03aafcbddaaa8a2e08.
2025-11-23T08:06:06.7809155Z Opening named pipe /podr/container/pipe/963b1a002f22_projectconnect-backend/stderr_bac8999e227a4e03aafcbddaaa8a2e08 for reading in non-blocking mode.
2025-11-23T08:06:06.7812229Z Successfully opened named pipe: /podr/container/pipe/963b1a002f22_projectconnect-backend/stderr_bac8999e227a4e03aafcbddaaa8a2e08.
2025-11-23T08:06:06.7815826Z Successfully removed non-blocking flag from /podr/container/pipe/963b1a002f22_projectconnect-backend/stderr_bac8999e227a4e03aafcbddaaa8a2e08.
2025-11-23T08:06:06.7818417Z Creating container with image: appsvc/node:20-lts_20251016.4.tuxprod from registry: 10.1.0.4:13209 and fully qualified image name: 10.1.0.4:13209/appsvc/node:20-lts_20251016.4.tuxprod
2025-11-23T08:06:07.3959048Z Starting container: 963b1a002f22_projectconnect-backend.
2025-11-23T08:06:07.4549519Z Starting watchers and probes.
2025-11-23T08:06:07.4557854Z Starting metrics collection.
2025-11-23T08:06:07.4565033Z Container is running.
2025-11-23T08:06:08.5999035Z Container start method finished after 4502 ms.
2025-11-23T08:06:33.3245615Z Container has finished running with exit code: 1.
2025-11-23T08:06:33.3254402Z Container is terminating. Grace period: 5 seconds.
2025-11-23T08:06:33.3646374Z Stop and delete container. Retry count = 0
2025-11-23T08:06:33.3732037Z Stopping container: 963b1a002f22_projectconnect-backend.
2025-11-23T08:06:33.5942799Z Deleting container: 963b1a002f22_projectconnect-backend. Retry count = 0
2025-11-23T08:06:33.9650483Z Container spec TerminationMessagePolicy  path 
2025-11-23T08:06:33.9659193Z Container is terminated. Total time elapsed: 639 ms.
2025-11-23T08:06:33.9665641Z Site container: projectconnect-backend terminated during site startup.
2025-11-23T08:06:33.9961927Z Site startup probe failed after 25.3273205 seconds.
2025-11-23T08:06:34.1876633Z Failed to start site. Revert by stopping site.
2025-11-23T08:06:34.2175572Z Site: projectconnect-backend stopped.
